asset,signal_date,entry_date,exit_date,z_score,entry_price,exit_price,return,winner,year
SOXL,2021-04-30,2021-05-03,2021-05-07,-1.937872156500738,36.63245801109698,35.79357733154297,-0.022899928781734746,False,2021
SOXL,2021-05-10,2021-05-11,2021-05-17,-2.0759206343230305,28.18329867265348,30.1429797706604,0.06953341838258331,True,2021
SOXL,2021-07-16,2021-07-19,2021-07-23,-1.8581910634774763,34.19482547851832,40.271410079956055,0.1777047993783485,True,2021
SOXL,2021-08-18,2021-08-19,2021-08-25,-1.7912254801823975,37.07918750639517,43.402015811920165,0.1705222991856139,True,2021
SOXL,2021-12-16,2021-12-17,2021-12-23,-1.8239824036376142,55.686777231531465,65.35153708648681,0.17355574043676003,True,2021
SOXL,2022-08-22,2022-08-23,2022-08-29,-1.8369103066409058,16.61589007035135,14.611801222801208,-0.12061278926767516,False,2022
SOXL,2022-08-26,2022-08-29,2022-09-02,-2.0813667269168534,15.059369272726329,12.485565977096558,-0.17091043117530336,False,2022
SOXL,2023-04-25,2023-04-26,2023-05-02,-2.2701570445601202,13.360813499692426,14.048799533843994,0.05149282520614529,True,2023
SOXL,2024-07-19,2024-07-22,2024-07-26,-1.9878642460309763,49.54495558347721,41.41408797454834,-0.16411090721898725,False,2024
SOXL,2024-10-31,2024-11-01,2024-11-07,-2.4674416588944816,30.434152483291562,35.836388786315915,0.17750572505642137,True,2024
SOXL,2024-11-15,2024-11-18,2024-11-22,-2.237718150174405,26.477413909633217,28.196043691635133,0.06490927655803391,True,2024
SOXL,2024-12-19,2024-12-20,2024-12-27,-1.8050453605295935,25.604748383512515,29.466772956848146,0.15083235794742178,True,2024
SOXL,2025-07-31,2025-08-01,2025-08-07,-1.9535859398412296,23.596724056565943,24.96774598503113,0.058102214747207226,True,2025
SOXL,2025-08-06,2025-08-07,2025-08-13,-1.8684404200851403,25.49807144846988,29.23223790550232,0.14644897613448826,True,2025
SOXX,2021-04-30,2021-05-03,2021-05-07,-1.9564276333419837,136.12724204402477,134.97629301452636,-0.008454950032163122,False,2021
SOXX,2021-05-10,2021-05-11,2021-05-17,-2.1250626660018055,125.28911584871888,128.219140914917,0.02338611016886727,True,2021
SOXX,2021-07-16,2021-07-19,2021-07-23,-1.7563854333675455,134.97203423075376,142.41801681518555,0.055166854577458846,True,2021
SOXX,2022-08-26,2022-08-29,2022-09-02,-2.017927190322109,123.34380530835735,115.73132842254638,-0.06171754525312323,False,2022
SOXX,2023-04-25,2023-04-26,2023-05-02,-2.4201741573861426,132.3426664229763,134.59805529785157,0.017042038942051363,True,2023
SOXX,2024-07-19,2024-07-22,2024-07-26,-1.860556566752362,238.84703797312324,226.37825354003905,-0.05220405720286658,False,2024
SOXX,2024-10-31,2024-11-01,2024-11-07,-2.6050753402528932,218.11478016852044,230.61979632568358,0.05733227316141298,True,2024
SOXX,2024-11-15,2024-11-18,2024-11-22,-2.292802312124653,209.32156085708303,213.86994612121583,0.02172917708767841,True,2024
SOXX,2025-08-01,2025-08-04,2025-08-08,-2.271780282885771,237.88868563879473,241.5002014160156,0.015181536555733954,True,2025
SOXX,2025-08-06,2025-08-07,2025-08-13,-1.9018890102214445,241.15671367039758,252.4481201019287,0.046821862264069924,True,2025
SMH,2021-04-30,2021-05-03,2021-05-07,-1.798332944076723,118.77244593820251,118.06018924713135,-0.005996817573679869,False,2021
SMH,2021-05-10,2021-05-11,2021-05-17,-2.1595163434389937,109.73510059833043,111.82762799835206,0.019068897632682047,True,2021
SMH,2022-08-26,2022-08-29,2022-09-02,-2.101835526355872,107.84752281514538,101.25889974975586,-0.0610920204136971,False,2022
SMH,2023-04-25,2023-04-26,2023-05-02,-2.5271287531226476,119.29966314486585,121.70753922271729,0.02018342729876399,True,2023
SMH,2024-07-19,2024-07-22,2024-07-26,-1.9820042686297337,251.3533706129649,238.26893884277345,-0.05205592325371644,False,2024
SMH,2024-10-31,2024-11-01,2024-11-07,-2.3114987118472623,242.60071533834738,258.80304116821287,0.06678597714466195,True,2024
SMH,2024-11-15,2024-11-18,2024-11-22,-1.9586776647395203,237.47429547990947,242.54234060668946,0.021341447151313808,True,2024
NVDA,2021-01-06,2021-01-07,2021-01-13,-2.4765004858432733,12.928297476723126,13.463886222839356,0.04142763168008279,True,2021
NVDA,2021-07-16,2021-07-19,2021-07-23,-1.9300296848118674,17.87135433091136,19.471089025497438,0.08951390392495795,True,2021
NVDA,2021-08-18,2021-08-19,2021-08-25,-1.7795491644454873,19.446231139300174,22.114292404174805,0.13720197223628428,True,2021
NVDA,2021-12-13,2021-12-14,2021-12-20,-2.304571617533866,27.639384982994603,27.604078342437745,-0.0012774032627201892,False,2021
NVDA,2021-12-16,2021-12-17,2021-12-23,-1.7963181583172998,27.924768831129136,29.51710899925232,0.057022501341107645,True,2021
NVDA,2022-08-26,2022-08-29,2022-09-02,-2.2612588487077083,15.99162185901519,13.595607473373413,-0.14982935481875703,False,2022
NVDA,2024-04-09,2024-04-10,2024-04-16,-1.769197459986391,83.86480112914772,87.1767206954956,0.03949117534122193,True,2024
NVDA,2024-07-17,2024-07-18,2024-07-24,-1.9461058518769523,121.7711327788875,113.94793446350097,-0.06424509764224606,False,2024
NVDA,2024-12-16,2024-12-17,2024-12-23,-1.768201592314046,129.02637457552365,139.32225398254394,0.07979670389788218,True,2024
NVDA,2025-08-29,2025-09-02,2025-09-08,-2.0078338088249894,169.94365377773414,167.91803448486328,-0.011919358256943902,False,2025
NVDA,2025-09-05,2025-09-08,2025-09-12,-2.2015115621048853,167.49446413966402,177.41589710998534,0.05923439333522329,True,2025
NVDA,2025-12-12,2025-12-15,2025-12-19,-1.8945114741722342,177.90096348322015,180.58874647521972,0.015108310485643317,True,2025
NVDA,2026-06-05,2026-06-08,2026-06-12,-2.09648685376569,210.390172668457,204.98481243896484,-0.02569207563706033,False,2026
NVDA,2026-06-10,2026-06-11,2026-06-17,-2.011532606480188,201.69149549865722,204.4453439025879,0.013653765604355828,True,2026
AMD,2021-01-15,2021-01-19,2021-01-25,-1.9881526210251839,89.64955755615233,94.03586725616455,0.048927287758947724,True,2021
AMD,2021-01-29,2021-02-01,2021-02-05,-2.000648481055561,86.91683183288573,87.81210152435303,0.010300302859503896,True,2021
AMD,2021-05-10,2021-05-11,2021-05-17,-1.7782145306476431,73.64356969451903,74.57535152435302,0.012652589135740078,True,2021
AMD,2021-12-06,2021-12-07,2021-12-13,-1.9694629372167822,144.04389389038084,133.66620304870605,-0.07204533674695257,False,2021
AMD,2021-12-09,2021-12-10,2021-12-16,-1.908619249344081,141.43128327941892,138.50135939025878,-0.020716236332040006,False,2021
AMD,2021-12-13,2021-12-14,2021-12-20,-1.9968618976346344,131.80166816711423,135.66420304870604,0.029305660051998972,True,2021
AMD,2022-08-26,2022-08-29,2022-09-02,-1.9005069663866185,90.14005305480956,80.15975786590576,-0.11071987258355942,False,2022
AMD,2022-12-09,2022-12-12,2022-12-16,-2.01927367135962,68.60854091644286,65.34459365844727,-0.04757348304449005,False,2022
AMD,2023-04-17,2023-04-18,2023-04-24,-1.999675297900345,91.70161061096191,87.4824296951294,-0.04600988889641322,False,2023
AMD,2023-04-25,2023-04-26,2023-05-02,-2.3436097063124253,86.59651213836669,89.82009365844726,0.03722530435094007,True,2023
AMD,2023-05-03,2023-05-04,2023-05-10,-2.428805975608223,81.65156969451904,96.92297664642334,0.1870313946080746,True,2023
AMD,2023-06-23,2023-06-26,2023-06-30,-1.9480977437292257,111.06094694519042,113.79609365844726,0.02462743915380683,True,2023
AMD,2024-02-21,2024-02-22,2024-02-28,-1.876382687257641,173.37319694519041,176.36345329284669,0.017247512304924495,True,2024
AMD,2024-04-12,2024-04-15,2024-04-19,-1.805037400660048,164.594422668457,146.4933593902588,-0.10997373413228728,False,2024
AMD,2024-06-18,2024-06-20,2024-06-26,-2.039344345042315,155.97582733154294,157.3824532928467,0.009018230487175538,True,2024
AMD,2024-10-31,2024-11-01,2024-11-07,-1.9664805379827888,144.58444244384765,149.67018731689453,0.03517491084853086,True,2024
AMD,2024-12-09,2024-12-10,2024-12-16,-2.3717226119150996,131.69155755615233,126.56331243896484,-0.03894133543830891,False,2024
AMD,2024-12-13,2024-12-16,2024-12-20,-1.9686512596756547,126.13601213836668,119.09078908538818,-0.05585417624627409,False,2024
AMD,2025-02-05,2025-02-06,2025-02-12,-1.7523433897070797,111.04093030548094,111.60828121948242,0.005109385453099691,True,2025
AMD,2025-09-05,2025-09-08,2025-09-12,-2.2166870491627755,151.95180305480955,158.41143731689453,0.042511073460279825,True,2025
AVGO,2021-05-04,2021-05-05,2021-05-11,-1.8639567415146536,40.7267600716998,39.71229644393921,-0.02490901868880857,False,2021
AVGO,2021-05-10,2021-05-11,2021-05-17,-1.8712871514930975,38.42914818465329,39.70056273651123,0.033084640485621764,True,2021
AVGO,2021-08-18,2021-08-19,2021-08-25,-2.7778738595725043,42.49815092400831,43.964814571380614,0.034511234382758715,True,2021
AVGO,2022-08-26,2022-08-29,2022-09-02,-1.982871577635011,48.76570707534431,46.817004844665526,-0.039960503959636795,False,2022
AVGO,2023-02-22,2023-02-23,2023-03-01,-2.01900423309051,55.854547466785625,56.48714984893799,0.011325888595347555,True,2023
AVGO,2023-04-12,2023-04-13,2023-04-19,-1.8682436028610414,59.45668016679983,60.81685359191894,0.022876713286098083,True,2023
AVGO,2023-05-02,2023-05-03,2023-05-09,-1.8825692179080473,59.24826411170819,59.284208084106446,0.0006066670971234256,True,2023
AVGO,2024-10-31,2024-11-01,2024-11-07,-1.774268939612821,165.8628684341025,180.8293351135254,0.09023397955624457,True,2024
AVGO,2024-11-15,2024-11-18,2024-11-22,-1.922281970697257,163.29990093332182,161.56683283996583,-0.010612793292897549,False,2024
AVGO,2026-06-05,2026-06-08,2026-06-12,-1.8904816803758362,402.38575709437697,381.0848117980957,-0.052936628398815966,False,2026
AVGO,2026-06-10,2026-06-11,2026-06-17,-1.82799169140877,372.60310248777375,391.8868651428223,0.05175416556195023,True,2026
TSM,2021-05-10,2021-05-11,2021-05-17,-2.0903766087315816,100.86326898443983,100.72595544433594,-0.0013613830038076147,False,2021
TSM,2021-08-17,2021-08-18,2021-08-24,-2.739737985785698,103.10485266201624,103.23956023406983,0.0013065104946627937,True,2021
TSM,2022-08-29,2022-08-30,2022-09-06,-2.073422419685918,78.73262007110546,75.0582589416504,-0.046668853724627146,False,2022
TSM,2023-02-17,2023-02-21,2023-02-27,-1.970705528586442,83.99863766846633,82.80641580963135,-0.014193347558094427,False,2023
TSM,2023-04-12,2023-04-13,2023-04-19,-1.8590170024189436,82.69714294716267,83.1707361831665,0.005726839152186969,True,2023
TSM,2023-04-21,2023-04-24,2023-04-28,-1.8404009329717825,81.5889192241063,80.37709249877929,-0.01485283463552689,False,2023
TSM,2023-07-20,2023-07-21,2023-07-27,-1.9669850505974389,93.90363388322587,95.12349314117432,0.012990543682957156,True,2023
TSM,2023-08-02,2023-08-03,2023-08-09,-1.7748247838960103,90.98712956856686,89.98192659759522,-0.011047749013932018,False,2023
TSM,2024-11-13,2024-11-14,2024-11-20,-2.0253794899192283,184.538674688166,184.13090084838868,-0.002209693119701761,False,2024
TSM,2024-11-15,2024-11-18,2024-11-22,-1.775645031170159,180.57173082334697,185.8122774810791,0.02902196613964425,True,2024
TSM,2024-11-27,2024-11-29,2024-12-05,-1.8190000841842464,177.7898870795854,199.7129899291992,0.12330905435470685,True,2024
TSM,2025-08-19,2025-08-20,2025-08-26,-1.8362019460559287,225.87014159826646,235.87265588378907,0.044284358325294315,True,2025
TSM,2025-11-07,2025-11-10,2025-11-14,-1.86642751961733,292.35068686563056,282.3106684570312,-0.03434238009235091,False,2025
TSM,2025-11-13,2025-11-14,2025-11-20,-2.065025333099838,274.026670095331,275.05511389160154,0.0037530792017899106,True,2025
