Date,buy_hold,fixed_5d,stop_target_5d
2021-07-06,9852.659145961119,10000.0,10000.0
2021-07-07,9440.605371438873,10000.0,10000.0
2021-07-08,9106.383286487522,10000.0,10000.0
2021-07-09,9561.931611096901,10000.0,10000.0
2021-07-12,9919.047222556666,10000.0,10000.0
2021-07-13,9756.51263518349,10000.0,10000.0
2021-07-14,9651.208713802494,10000.0,10000.0
2021-07-15,9023.972891614942,10000.0,10000.0
2021-07-16,8415.0491903951,10000.0,10000.0
2021-07-19,8433.36311152216,10452.484496616247,10452.484496616247
2021-07-20,8776.74350715655,10878.077254137464,10878.077254137464
2021-07-21,9580.243732064611,11873.952035386304,11873.952035386304
2021-07-22,9326.14853985288,11559.021203862027,11559.021203862027
2021-07-23,9511.570353176756,11788.8368306141,11777.047993783486
2021-07-26,9488.678626827686,11777.047993783484,11777.047993783484
2021-07-27,8962.164420400752,11777.047993783484,11777.047993783484
2021-07-28,9426.870155613497,11777.047993783484,11777.047993783484
2021-07-29,9946.514953968395,11777.047993783484,11777.047993783484
2021-07-30,10161.699701872723,11777.047993783484,11777.047993783484
2021-08-02,10349.413118046625,11777.047993783484,11777.047993783484
2021-08-03,10523.391318395152,11777.047993783484,11777.047993783484
2021-08-04,10898.819950902303,11777.047993783484,11777.047993783484
2021-08-05,10798.092034583968,11777.047993783484,11777.047993783484
2021-08-06,10674.476892314935,11777.047993783484,11777.047993783484
2021-08-09,10564.594265632257,11777.047993783484,11777.047993783484
2021-08-10,10175.435817777772,11777.047993783484,11777.047993783484
2021-08-11,10111.334843633882,11777.047993783484,11777.047993783484
2021-08-12,9756.51263518349,11777.047993783484,11777.047993783484
2021-08-13,9953.384362040431,11777.047993783484,11777.047993783484
2021-08-16,9845.789737889083,11777.047993783484,11777.047993783484
2021-08-17,9262.050265948012,11777.047993783484,11777.047993783484
2021-08-18,8849.995591346089,11777.047993783484,11777.047993783484
2021-08-19,9072.046147003757,12212.104837078017,12212.104837078017
2021-08-20,9255.180857875976,12458.626983486867,12458.626983486867
2021-08-23,10001.456717349573,13463.20730479421,13463.20730479421
2021-08-24,10010.613227873266,13475.533109209797,13475.533109209797
2021-08-25,10250.978604737666,13799.094865169482,13785.29577030431
2021-08-26,10228.08777846827,13785.29577030431,13785.29577030431
2021-08-27,10827.851368845724,13785.29577030431,13785.29577030431
2021-08-30,10928.576584925037,13785.29577030431,13785.29577030431
2021-08-31,10656.162971187876,13785.29577030431,13785.29577030431
2021-09-01,10521.101515704473,13785.29577030431,13785.29577030431
2021-09-02,10598.932305195694,13785.29577030431,13785.29577030431
2021-09-03,10814.117053100023,13785.29577030431,13785.29577030431
2021-09-07,10706.524229108021,13785.29577030431,13785.29577030431
2021-09-08,10289.893549443439,13785.29577030431,13785.29577030431
2021-09-09,10427.244807617522,13785.29577030431,13785.29577030431
2021-09-10,10665.31948171157,13785.29577030431,13785.29577030431
2021-09-13,10958.335019107119,13785.29577030431,13785.29577030431
2021-09-14,10958.335019107119,13785.29577030431,13785.29577030431
2021-09-15,11123.155808852278,13785.29577030431,13785.29577030431
2021-09-16,11233.038435534958,13785.29577030431,13785.29577030431
2021-09-17,10701.949124125034,13785.29577030431,13785.29577030431
2021-09-20,9912.176914404958,13785.29577030431,13785.29577030431
2021-09-21,9980.852093452162,13633.933324982354,13633.933324982354
2021-09-22,10589.776694751677,14465.72978247174,14465.72978247174
2021-09-23,11010.98787987729,15041.108032742266,15041.108032742266
2021-09-24,10976.648940234178,14994.200733729997,14994.200733729997
2021-09-27,10917.129371630992,14912.896470099045,14897.983573628946
2021-09-28,9667.234632398222,14897.983573628948,14897.983573628948
2021-09-29,9184.215876138092,14029.839187478665,14029.839187478665
2021-09-30,9165.901955011033,14001.862779718871,14001.862779718871
2021-10-01,9172.770463003395,14012.35513572295,14012.35513572295
2021-10-04,8474.567858918612,12945.778479893366,13097.11531924868
2021-10-05,8847.70578865541,13515.785241445808,13097.11531924868
2021-10-06,8941.563396822035,13502.269456204362,13097.11531924868
2021-10-07,9246.026147511631,13502.269456204362,13097.11531924868
2021-10-08,9003.371868036227,13502.269456204362,13097.11531924868
2021-10-11,8785.898217520895,13502.269456204362,13097.11531924868
2021-10-12,8481.436366910973,13502.269456204362,13097.11531924868
2021-10-13,8618.787625085057,13502.269456204362,13097.11531924868
2021-10-14,9397.111721431414,13502.269456204362,13097.11531924868
2021-10-15,9577.95572953328,13502.269456204362,13097.11531924868
2021-10-18,9811.455298644341,13502.269456204362,13097.11531924868
2021-10-19,10170.855312316742,13502.269456204362,13097.11531924868
2021-10-20,10118.20695194494,13502.269456204362,13097.11531924868
2021-10-21,10436.401318141214,13502.269456204362,13097.11531924868
2021-10-22,10083.865312062804,13502.269456204362,13097.11531924868
2021-10-25,10315.074178403513,13502.269456204362,13097.11531924868
2021-10-26,10292.182452054443,13502.269456204362,13097.11531924868
2021-10-27,10093.023622745844,13502.269456204362,13097.11531924868
2021-10-28,10759.177089878194,13502.269456204362,13097.11531924868
2021-10-29,10907.97556134632,13502.269456204362,13097.11531924868
2021-11-01,11436.775070065565,13502.269456204362,13097.11531924868
2021-11-02,11862.564960492862,13502.269456204362,13097.11531924868
2021-11-03,12286.061447910784,13502.269456204362,13097.11531924868
2021-11-04,13524.514374327553,13502.269456204362,13097.11531924868
2021-11-05,13943.43395660314,13502.269456204362,13097.11531924868
2021-11-08,14545.49185006964,13502.269456204362,13097.11531924868
2021-11-09,14513.443613196881,13502.269456204362,13097.11531924868
2021-11-10,13265.835076336094,13502.269456204362,13097.11531924868
2021-11-11,14110.545449118652,13502.269456204362,13097.11531924868
2021-11-12,14501.995499823162,13502.269456204362,13097.11531924868
2021-11-15,14467.658360339397,13502.269456204362,13097.11531924868
2021-11-16,15142.967437915764,13502.269456204362,13097.11531924868
2021-11-17,14769.831308338313,13502.269456204362,13097.11531924868
2021-11-18,15561.895120908417,13502.269456204362,13097.11531924868
2021-11-19,15706.107686437468,13502.269456204362,13097.11531924868
2021-11-22,14978.148448329952,13502.269456204362,13097.11531924868
2021-11-23,14820.193466338133,13502.269456204362,13097.11531924868
2021-11-24,15310.07983051095,13502.269456204362,13097.11531924868
2021-11-26,14048.736977904462,13502.269456204362,13097.11531924868
2021-11-29,15660.322433579984,13502.269456204362,13097.11531924868
2021-11-30,14804.16664766273,13502.269456204362,13097.11531924868
2021-12-01,14458.50094973603,13502.269456204362,13097.11531924868
2021-12-02,14479.104673553767,13502.269456204362,13097.11531924868
2021-12-03,14405.851689284555,13502.269456204362,13097.11531924868
2021-12-06,14330.30620208564,13502.269456204362,13097.11531924868
2021-12-07,16479.855777721164,13502.269456204362,13097.11531924868
2021-12-08,16182.25883478491,13502.269456204362,13097.11531924868
2021-12-09,15085.737672003257,13502.269456204362,13097.11531924868
2021-12-10,15474.90062025611,13502.269456204362,13097.11531924868
2021-12-13,14270.788433641803,13502.269456204362,13097.11531924868
2021-12-14,14083.075917547574,13502.269456204362,13097.11531924868
2021-12-15,15593.941557621829,13502.269456204362,13097.11531924868
2021-12-16,13558.850613731644,13502.269456204362,13097.11531924868
2021-12-17,13497.042142517454,13869.872587433865,13453.688013716528
2021-12-20,13174.269071019497,13538.183515927689,13131.951728291211
2021-12-21,14539.87175258513,14941.508407290929,14493.167929180387
2021-12-22,14970.341157237599,15383.868720926626,14922.254614136415
2021-12-23,15435.162102648617,15861.529472130214,15370.196916056408
2021-12-27,16712.837801019672,15845.667942658087,15370.19691605641
2021-12-28,16147.274538015534,15845.667942658087,15370.19691605641
2021-12-29,16257.177866530716,15845.667942658087,15370.19691605641
2021-12-30,15652.687957785041,15845.667942658087,15370.19691605641
2021-12-31,15572.548463929987,15845.667942658087,15370.19691605641
2022-01-03,16509.052562186665,15845.667942658087,15370.19691605641
2022-01-04,16273.208285524814,15845.667942658087,15370.19691605641
2022-01-05,14656.648089491044,15845.667942658087,15370.19691605641
2022-01-06,15006.97890036813,15845.667942658087,15370.19691605641
2022-01-07,13678.927542802148,15845.667942658087,15370.19691605641
2022-01-10,13738.461512680118,15845.667942658087,15370.19691605641
2022-01-11,14491.786796160553,15845.667942658087,15370.19691605641
2022-01-12,14787.164142620702,15845.667942658087,15370.19691605641
2022-01-13,13784.255766334341,15845.667942658087,15370.19691605641
2022-01-14,14764.267915873264,15845.667942658087,15370.19691605641
2022-01-18,12817.985133178514,15845.667942658087,15370.19691605641
2022-01-19,11636.47574733792,13995.69196327848,13575.732006408109
2022-01-20,10530.53075036939,12665.524149415978,13512.247512843509
2022-01-21,10008.467437930429,12037.616055515982,13512.247512843509
2022-01-24,10406.884105311767,12516.808989079293,13512.247512843509
2022-01-25,9202.478492723732,11068.218340275498,13512.247512843509
2022-01-26,9644.400511148291,11057.150121935221,13512.247512843509
2022-01-27,8325.507464265349,11057.150121935221,13512.247512843509
2022-01-28,8794.906214898376,11665.682323425763,14255.896431000428
2022-01-31,10207.676671700772,13539.600127922587,16198.482318396798
2022-02-01,10512.213228923634,13943.541528276992,16198.482318396796
2022-02-02,11297.59304983455,14985.279924356251,16198.482318396796
2022-02-03,9761.17594797453,12947.35554078344,16198.482318396796
2022-02-04,9951.22417082281,12934.408185242657,16198.482318396796
2022-02-07,9939.778757688115,12934.408185242657,16198.482318396796
2022-02-08,10670.203314022741,12934.408185242657,16198.482318396796
2022-02-09,11682.273601310837,12934.408185242657,16198.482318396796
2022-02-10,10628.98956582955,12934.408185242657,16198.482318396796
2022-02-11,9053.644918148319,12934.408185242657,16198.482318396796
2022-02-14,9065.094831681386,12934.408185242657,16198.482318396796
2022-02-15,10535.109455671072,12934.408185242657,16198.482318396796
2022-02-16,10555.716779807506,12934.408185242657,16198.482318396796
2022-02-17,9358.182375450857,12934.408185242657,16198.482318396796
2022-02-18,9074.253142364427,12934.408185242657,16198.482318396796
2022-02-22,8840.699568472926,12934.408185242657,16198.482318396796
2022-02-23,8222.469043423833,12934.408185242657,16198.482318396796
2022-02-24,9145.235225616116,12934.408185242657,16198.482318396796
2022-02-25,9566.547219665217,12934.408185242657,16198.482318396796
2022-02-28,9390.23781296101,12934.408185242657,16198.482318396796
2022-03-01,8375.88132330093,12934.408185242657,16198.482318396796
2022-03-02,9186.450773968656,12934.408185242657,16198.482318396796
2022-03-03,8597.987683898386,12934.408185242657,16198.482318396796
2022-03-04,7961.44053748321,12934.408185242657,16198.482318396796
2022-03-07,6773.061293530742,12934.408185242657,16198.482318396796
2022-03-08,7134.840667821386,13570.391726310532,16994.960054156927
2022-03-09,7998.074680295046,15212.253716806727,19418.74060329408
2022-03-10,7498.909844802708,14262.84746248335,19418.74060329408
2022-03-11,7027.22309163835,13365.704231041518,19418.74060329408
2022-03-14,6390.673695023991,12154.99398993376,19418.74060329408
2022-03-15,7214.981961835789,12142.838995943826,21485.878074318545
2022-03-16,8311.768648121277,12142.838995943826,23279.186235228946
2022-03-17,8460.603122776365,12142.838995943826,23279.186235228946
2022-03-18,8968.924918832232,12142.838995943826,23279.186235228946
2022-03-21,8930.000073250043,12142.838995943826,23279.186235228946
2022-03-22,9066.722175731993,12142.838995943826,23279.186235228946
2022-03-23,8402.575886272685,12142.838995943826,23279.186235228946
2022-03-24,9639.260156130025,12142.838995943826,23279.186235228946
2022-03-25,9620.939034365576,12142.838995943826,23279.186235228946
2022-03-28,9781.249524864275,12142.838995943826,23279.186235228946
2022-03-29,10438.525506171874,12142.838995943826,23279.186235228946
2022-03-30,9469.788654709262,12142.838995943826,23279.186235228946
2022-03-31,8881.218455157785,12142.838995943826,23279.186235228946
2022-04-01,8310.971177530104,12142.838995943826,23279.186235228946
2022-04-04,8693.426732052243,12142.838995943826,23279.186235228946
2022-04-05,7530.027399292543,12142.838995943826,23279.186235228946
2022-04-06,6987.261354271704,12142.838995943826,23279.186235228946
2022-04-07,6987.261354271704,12142.838995943826,23279.186235228946
2022-04-08,6478.8473000492495,12142.838995943826,23279.186235228946
2022-04-11,6066.618460030408,12142.838995943826,23279.186235228946
2022-04-12,6009.36619212605,11351.9890263389,21763.03801546683
2022-04-13,6419.30297925503,12126.379828995978,23247.632163501265
2022-04-14,5865.085220541773,11079.435157300215,21240.52163535151
2022-04-18,6178.836343427302,11672.126497805451,22376.77750601221
2022-04-19,6584.194425254598,12437.867900396403,23820.94499283926
2022-04-20,6526.94080723073,12425.430032496008,23820.94499283926
2022-04-21,6002.49453385483,12425.430032496008,23820.94499283926
2022-04-22,5599.427604837724,12425.430032496008,23820.94499283926
2022-04-25,5878.826736924867,12425.430032496008,23820.94499283926
2022-04-26,5136.816355026397,12425.430032496008,23820.94499283926
2022-04-27,5026.888274320181,12425.430032496008,23820.94499283926
2022-04-28,5858.215362429901,12425.430032496008,23820.94499283926
2022-04-29,5093.304253385623,12425.430032496008,23820.94499283926
2022-05-02,5610.878418450465,12425.430032496008,23820.94499283926
2022-05-03,5750.577984494036,12425.430032496008,23820.94499283926
2022-05-04,6417.012726524513,12425.430032496008,23820.94499283926
2022-05-05,5494.08137971205,12425.430032496008,23820.94499283926
2022-05-06,5347.5106054370945,12425.430032496008,23820.94499283926
2022-05-09,4516.184867446886,12425.430032496008,23820.94499283926
2022-05-10,4829.935990332414,12204.68631417826,23397.75449095644
2022-05-11,4385.646762365213,11082.01912542843,21245.47539248381
2022-05-12,4445.190183079761,11232.478422062746,20941.46916210485
2022-05-13,5150.557421369654,13014.859368074804,20941.469162104848
2022-05-16,4894.059916507993,12366.720015198924,20941.469162104848
2022-05-17,5629.199540214916,12354.353295183726,20941.469162104848
2022-05-18,4774.972625039062,12354.353295183726,20941.469162104848
2022-05-19,4697.106732440553,12354.353295183726,20941.469162104848
2022-05-20,4662.754291602329,12354.353295183726,20941.469162104848
2022-05-23,4724.588865127066,12354.353295183726,20941.469162104848
2022-05-24,4374.195048672798,12354.353295183726,20941.469162104848
2022-05-25,4623.823145462424,12354.353295183726,20941.469162104848
2022-05-26,5162.009135062069,12354.353295183726,20941.469162104848
2022-05-27,5784.929975292423,12354.353295183726,20941.469162104848
2022-05-31,5693.323466390495,12354.353295183726,20941.469162104848
2022-06-01,5429.957003496635,12354.353295183726,20941.469162104848
2022-06-02,6000.205181203988,12354.353295183726,20941.469162104848
2022-06-03,5480.339863328956,12354.353295183726,20941.469162104848
2022-06-06,5475.759357867924,12354.353295183726,20941.469162104848
2022-06-07,5633.780045675947,12354.353295183726,20941.469162104848
2022-06-08,5246.743985692777,12354.353295183726,20941.469162104848
2022-06-09,4829.935990332414,12354.353295183726,20941.469162104848
2022-06-10,4307.779969687031,12354.353295183726,20941.469162104848
2022-06-13,3561.190657466959,12354.353295183726,20941.469162104848
2022-06-14,3609.2830395488463,12149.28781251544,20593.86922069924
2022-06-15,3803.9468709654448,12804.550059519173,21704.58329944181
2022-06-16,3107.739743517939,10461.031782952632,18410.064369789616
2022-06-17,3137.5116788951314,10561.247755950506,18410.064369789616
2022-06-21,3389.4284532758425,11409.230406026725,18410.064369789616
2022-06-22,3276.837486854071,11397.821175620698,18410.064369789616
2022-06-23,3212.6307533484837,11397.821175620698,18410.064369789616
2022-06-24,3625.3886151957236,11397.821175620698,18410.064369789616
2022-06-27,3623.094987166431,11397.821175620698,18410.064369789616
2022-06-28,3338.7508173502833,11397.821175620698,18410.064369789616
2022-06-29,3107.148616192034,11397.821175620698,18410.064369789616
2022-06-30,3003.958981965285,11397.821175620698,18410.064369789616
2022-07-01,2659.9944346224624,11397.821175620698,18410.064369789616
2022-07-05,2717.321859179599,11397.821175620698,18410.064369789616
2022-07-06,2772.3561057472803,11397.821175620698,18410.064369789616
2022-07-07,3143.8381139038215,11397.821175620698,18410.064369789616
2022-07-08,3189.699648513678,11397.821175620698,18410.064369789616
2022-07-11,2960.389725265211,11397.821175620698,18410.064369789616
2022-07-12,2974.1492432417845,11397.821175620698,18410.064369789616
2022-07-13,3047.527788625522,11397.821175620698,18410.064369789616
2022-07-14,3226.389596265302,11397.821175620698,18410.064369789616
2022-07-15,3464.871106372001,11397.821175620698,18410.064369789616
2022-07-18,3421.3031997914377,11397.821175620698,18410.064369789616
2022-07-19,3886.8023552368218,11397.821175620698,18410.064369789616
2022-07-20,4173.4394780225075,11397.821175620698,18410.064369789616
2022-07-21,4379.817846396331,11397.821175620698,18410.064369789616
2022-07-22,4047.318513941034,11397.821175620698,18410.064369789616
2022-07-25,3967.0597595291724,11397.821175620698,18410.064369789616
2022-07-26,3767.5607001037984,11397.821175620698,18410.064369789616
2022-07-27,4294.973636085232,11397.821175620698,18410.064369789616
2022-07-28,4441.732076972218,11397.821175620698,18410.064369789616
2022-07-29,4547.214214128668,11397.821175620698,18410.064369789616
2022-08-01,4588.490067819367,11397.821175620698,18410.064369789616
2022-08-02,4567.852591013854,11397.821175620698,18410.064369789616
2022-08-03,4941.627327120014,11397.821175620698,18410.064369789616
2022-08-04,5060.868082173365,11397.821175620698,18410.064369789616
2022-08-05,4943.9198300497155,11397.821175620698,18410.064369789616
2022-08-08,4710.024675921929,11397.821175620698,18410.064369789616
2022-08-09,4056.4907758590216,11397.821175620698,18410.064369789616
2022-08-10,4565.55918800448,11397.821175620698,18410.064369789616
2022-08-11,4535.748549201306,11397.821175620698,18410.064369789616
2022-08-12,4953.09254200754,11397.821175620698,18410.064369789616
2022-08-15,4994.367945658402,11397.821175620698,18410.064369789616
2022-08-16,4847.609504771417,11397.821175620698,18410.064369789616
2022-08-17,4483.007030583244,11397.821175620698,18410.064369789616
2022-08-18,4790.28208021428,11397.821175620698,18410.064369789616
2022-08-19,4395.870317342444,11397.821175620698,18410.064369789616
2022-08-22,3907.4398320423347,11397.821175620698,18410.064369789616
2022-08-23,3973.9395185174594,11553.098013592664,18660.87165463418
2022-08-24,3992.2835923135976,11606.42818672384,18747.01197084628
2022-08-25,4430.266412044856,12879.73856828512,20803.696816666208
2022-08-26,3664.371290896968,10653.116506846442,17207.197551880417
2022-08-29,3451.1129385149384,10033.128548850033,16184.655788769447
2022-08-30,3318.1133405447704,10023.095420301182,16184.655788769445
2022-08-31,3219.51073735669,10023.095420301182,16184.655788769445
2022-09-01,3031.4764427790033,10023.095420301182,16184.655788769445
2022-09-02,2948.924285357767,10023.095420301182,16184.655788769445
2022-09-06,2848.0285041802294,10023.095420301182,16184.655788769445
2022-09-07,2978.734699141023,10023.095420301182,16184.655788769445
2022-09-08,3130.0790459670843,10023.095420301182,16184.655788769445
2022-09-09,3359.3894192553885,10023.095420301182,16184.655788769445
2022-09-12,3389.1991579788887,10023.095420301182,16184.655788769445
2022-09-13,2772.3561057472803,10023.095420301182,16184.655788769445
2022-09-14,2857.2005410782986,10023.095420301182,16184.655788769445
2022-09-15,2731.080252056581,10023.095420301182,16184.655788769445
2022-09-16,2765.476571778912,10023.095420301182,16184.655788769445
2022-09-19,2811.3385564286054,10023.095420301182,16184.655788769445
2022-09-20,2691.7069417768175,10023.095420301182,16184.655788769445
2022-09-21,2622.6890573937344,10023.095420301182,16184.655788769445
2022-09-22,2417.9348827916588,10023.095420301182,16184.655788769445
2022-09-23,2307.506132766775,10023.095420301182,16184.655788769445
2022-09-26,2197.0771577219725,9649.338013094328,15581.136144339669
2022-09-27,2256.8930775578256,9912.043411050741,16005.336080735016
2022-09-28,2339.7143588015906,10275.786001787636,16592.684437697477
2022-09-29,2137.261012866201,9386.63162687346,15156.934612157856
2022-09-30,2038.335056055232,8952.158949305982,14440.920442255854
2022-10-03,2231.586437443392,8943.206790356677,14440.920442255856
2022-10-04,2539.867326110132,8943.206790356677,14440.920442255856
2022-10-05,2627.290039667349,8943.206790356677,14440.920442255856
2022-10-06,2574.3761557917146,8943.206790356677,14440.920442255856
2022-10-07,2118.8564087119858,8943.206790356677,14440.920442255856
2022-10-10,1904.9000445427623,8943.206790356677,14440.920442255856
2022-10-11,1741.557523152203,8659.724070323038,13983.170610151526
2022-10-12,1688.643526766609,8396.614410110415,13558.317896825423
2022-10-13,1840.4837049830903,9151.624812387256,12695.301979195969
2022-10-14,1594.3187772491735,7927.59383917637,12695.301979195969
2022-10-17,1686.3431481397608,8385.17600287956,12444.92657979134
2022-10-18,1702.4470361372503,8376.79082687668,12563.77054342888
2022-10-19,1741.557523152203,8376.79082687668,12852.399307946878
2022-10-20,1771.4653705601702,8376.79082687668,13073.114152112692
2022-10-21,1973.9190540254378,8376.79082687668,14552.620829970048
2022-10-24,1996.9248654731866,8376.79082687668,14552.620829970047
2022-10-25,2130.3598769856562,8376.79082687668,14552.620829970047
2022-10-26,2072.8445607965696,8376.79082687668,14552.620829970047
2022-10-27,1960.1149821050005,8376.79082687668,14552.620829970047
2022-10-28,2185.5739144682207,8376.79082687668,14552.620829970047
2022-10-31,2052.1391279756695,8376.79082687668,14552.620829970047
2022-11-01,2093.54999361747,8376.79082687668,14552.620829970047
2022-11-02,1895.6983050154508,8376.79082687668,14552.620829970047
2022-11-03,1815.1769523586972,8376.79082687668,14552.620829970047
2022-11-04,2068.243578522955,8376.79082687668,14552.620829970047
2022-11-07,2206.279797328958,8376.79082687668,14552.620829970047
2022-11-08,2339.7143588015906,8376.79082687668,14552.620829970047
2022-11-09,2125.7584446722044,8376.79082687668,14552.620829970047
2022-11-10,2779.129655334034,8376.79082687668,14552.620829970047
2022-11-11,3041.3991461251953,8376.79082687668,14552.620829970047
2022-11-14,2937.8717570007743,8376.79082687668,14552.620829970047
2022-11-15,3190.9386081849516,8376.79082687668,14552.620829970047
2022-11-16,2790.633348627623,8376.79082687668,14552.620829970047
2022-11-17,2845.8478361500247,8376.79082687668,14552.620829970047
2022-11-18,2873.4546298713885,8376.79082687668,14552.620829970047
2022-11-21,2735.418636085303,8376.79082687668,14552.620829970047
2022-11-22,2967.7793793888236,8376.79082687668,14552.620829970047
2022-11-23,3064.4051825928627,8376.79082687668,14552.620829970047
2022-11-25,2958.5769648017567,8376.79082687668,14552.620829970047
2022-11-28,2723.9153928315513,8376.79082687668,14552.620829970047
2022-11-29,2698.6089777370357,8376.79082687668,14552.620829970047
2022-11-30,3179.4355899511174,8376.79082687668,14552.620829970047
2022-12-01,3105.8162732545825,8376.79082687668,14552.620829970047
2022-12-02,2997.6874518167097,8376.79082687668,14552.620829970047
2022-12-05,2896.4608913589736,8376.79082687668,14552.620829970047
2022-12-06,2696.3083740902694,8376.79082687668,14552.620829970047
2022-12-07,2691.7069417768175,8376.79082687668,14552.620829970047
2022-12-08,2903.362702299274,8376.79082687668,14552.620829970047
2022-12-09,2834.344817916191,8376.79082687668,14552.620829970047
2022-12-12,2986.184658602794,8376.79082687668,14552.620829970047
2022-12-13,3135.7236706227127,8376.79082687668,14552.620829970047
2022-12-14,2990.785865896328,8376.79082687668,14552.620829970047
2022-12-15,2622.6890573937344,8376.79082687668,14552.620829970047
2022-12-16,2555.9715516374995,8376.79082687668,14552.620829970047
2022-12-19,2459.3455234135417,8044.823103681209,13975.90827938898
2022-12-20,2403.472852629521,7862.056693468227,13658.396439442991
2022-12-21,2572.0161468864635,8413.382635553346,14616.190128542692
2022-12-22,2258.0175020905813,7386.254268217487,12793.500024043267
2022-12-23,2255.708797726749,7378.702210961234,12793.500024043267
2022-12-27,2140.268404076983,7371.3235087502735,12793.500024043267
2022-12-28,2045.6070247614682,7371.3235087502735,12793.500024043267
2022-12-29,2232.6206289888282,7371.3235087502735,12793.500024043267
2022-12-30,2232.6206289888282,7371.3235087502735,12793.500024043267
2023-01-03,2161.047643431152,7371.3235087502735,12793.500024043267
2023-01-04,2324.9728539006733,7371.3235087502735,12793.500024043267
2023-01-05,2209.5324602509077,7371.3235087502735,12793.500024043267
2023-01-06,2509.6779787841187,7371.3235087502735,12793.500024043267
2023-01-09,2662.0596674344756,7371.3235087502735,12793.500024043267
2023-01-10,2763.647609881326,7371.3235087502735,12793.500024043267
2023-01-11,2862.926172904588,7371.3235087502735,12793.500024043267
2023-01-12,2959.896256583935,7371.3235087502735,12793.500024043267
2023-01-13,2989.9107634332727,7371.3235087502735,12793.500024043267
2023-01-17,3015.307636535026,7371.3235087502735,12793.500024043267
2023-01-18,2959.896256583935,7371.3235087502735,12793.500024043267
2023-01-19,2717.471047385566,7371.3235087502735,12793.500024043267
2023-01-20,2952.969918472518,7371.3235087502735,12793.500024043267
2023-01-23,3403.187971252416,7371.3235087502735,12793.500024043267
2023-01-24,3333.923915078492,7371.3235087502735,12793.500024043267
2023-01-25,3354.7033794525796,7371.3235087502735,12793.500024043267
2023-01-26,3518.6290399619375,7371.3235087502735,12793.500024043267
2023-01-27,3458.599126183589,7371.3235087502735,12793.500024043267
2023-01-30,3186.1600851956377,7371.3235087502735,12793.500024043267
2023-01-31,3352.3946750887476,7371.3235087502735,12793.500024043267
2023-02-01,3878.804247253579,7371.3235087502735,12793.500024043267
2023-02-02,4137.389936958941,7371.3235087502735,12793.500024043267
2023-02-03,3908.8187541029165,7371.3235087502735,12793.500024043267
2023-02-06,3717.1870660881355,7371.3235087502735,12793.500024043267
2023-02-07,4061.2004427532734,7371.3235087502735,12793.500024043267
2023-02-08,3807.229911576392,7371.3235087502735,12793.500024043267
2023-02-09,3828.009150930561,7371.3235087502735,12793.500024043267
2023-02-10,3647.9225598743737,7371.3235087502735,12793.500024043267
2023-02-13,3791.0685309897253,7371.3235087502735,12793.500024043267
2023-02-14,4001.1705289749243,7371.3235087502735,12793.500024043267
2023-02-15,4049.656020854435,7371.3235087502735,12793.500024043267
2023-02-16,3758.745319776556,7371.3235087502735,12793.500024043267
2023-02-17,3578.657828640694,7371.3235087502735,12793.500024043267
2023-02-21,3234.644902015393,7371.3235087502735,12793.500024043267
2023-02-22,3193.0864233070547,7371.3235087502735,12793.500024043267
2023-02-23,3481.687969981265,7371.3235087502735,12793.500024043267
2023-02-24,3303.9094082291545,7371.3235087502735,12793.500024043267
2023-02-27,3347.776591301326,7371.3235087502735,12793.500024043267
2023-02-28,3382.4089569181665,7371.3235087502735,12793.500024043267
2023-03-01,3389.3352950295825,7371.3235087502735,12793.500024043267
2023-03-02,3465.526139354761,7371.3235087502735,12793.500024043267
2023-03-03,3620.2160823291147,7371.3235087502735,12793.500024043267
2023-03-06,3502.4674343553525,7371.3235087502735,12793.500024043267
2023-03-07,3382.4089569181665,7371.3235087502735,12793.500024043267
2023-03-08,3650.231039218288,7371.3235087502735,12793.500024043267
2023-03-09,3442.437745596922,7371.3235087502735,12793.500024043267
2023-03-10,3243.8799444906435,7371.3235087502735,12793.500024043267
2023-03-13,3236.9533813593075,7371.3235087502735,12793.500024043267
2023-03-14,3514.011406214353,7371.3235087502735,12793.500024043267
2023-03-15,3391.644224413334,7371.3235087502735,12793.500024043267
2023-03-16,3791.0685309897253,7371.3235087502735,12793.500024043267
2023-03-17,3724.112954159715,7371.3235087502735,12793.500024043267
2023-03-20,3834.9357140618968,7371.3235087502735,12793.500024043267
2023-03-21,3854.5907539032287,7371.3235087502735,12793.500024043267
2023-03-22,3755.1616525544887,7371.3235087502735,12793.500024043267
2023-03-23,4044.1983877510825,7371.3235087502735,12793.500024043267
2023-03-24,3831.4672570381035,7371.3235087502735,12793.500024043267
2023-03-27,3692.730551225803,7371.3235087502735,12793.500024043267
2023-03-28,3614.112192019823,7371.3235087502735,12793.500024043267
2023-03-29,3949.394345807237,7371.3235087502735,12793.500024043267
2023-03-30,4150.5644031474085,7371.3235087502735,12793.500024043267
2023-03-31,4231.494616996081,7371.3235087502735,12793.500024043267
2023-04-03,4118.190787472494,7371.3235087502735,12793.500024043267
2023-04-04,3882.337510013901,7371.3235087502735,12793.500024043267
2023-04-05,3681.168577773322,7371.3235087502735,12793.500024043267
2023-04-06,3621.0488810474903,7371.3235087502735,12793.500024043267
2023-04-10,3789.8466728322583,7371.3235087502735,12793.500024043267
2023-04-11,3748.2247385069018,7371.3235087502735,12793.500024043267
2023-04-12,3544.7435015837946,7371.3235087502735,12793.500024043267
2023-04-13,3623.361410749938,7371.3235087502735,12793.500024043267
2023-04-14,3602.550443587259,7371.3235087502735,12793.500024043267
2023-04-17,3602.550443587259,7371.3235087502735,12793.500024043267
2023-04-18,3648.796312217917,7371.3235087502735,12793.500024043267
2023-04-19,3528.5569187662554,7371.3235087502735,12793.500024043267
2023-04-20,3514.68354071092,7371.3235087502735,12793.500024043267
2023-04-21,3436.0656315447764,7371.3235087502735,12793.500024043267
2023-04-24,3382.883073886451,7371.3235087502735,12793.500024043267
2023-04-25,3052.2255294640936,7371.3235087502735,12793.500024043267
2023-04-26,3091.5342590272467,7228.791421244465,12546.124601872756
2023-04-27,3130.8429885904,7320.705203605573,12705.6480545405
2023-04-28,3290.391111605215,7693.769192645129,13353.129357875185
2023-05-01,3389.8199879340373,7926.259130652777,13756.633562236842
2023-05-02,3318.1387677955613,7758.650252411074,13452.269701752006
2023-05-03,3200.212129066264,7750.891602158663,13452.269701752008
2023-05-04,3144.7172667254094,7750.891602158663,13452.269701752008
2023-05-05,3345.8864239859063,7750.891602158663,13452.269701752008
2023-05-08,3387.507908271426,7750.891602158663,13452.269701752008
2023-05-09,3223.3345008317974,7750.891602158663,13452.269701752008
2023-05-10,3308.8897740853645,7750.891602158663,13452.269701752008
2023-05-11,3253.3942366847537,7750.891602158663,13452.269701752008
2023-05-12,3241.8331633119465,7750.891602158663,13452.269701752008
2023-05-15,3493.873248607997,7750.891602158663,13452.269701752008
2023-05-16,3479.9991954929055,7750.891602158663,13452.269701752008
2023-05-17,3732.0390557690375,7750.891602158663,13452.269701752008
2023-05-18,4085.8203220764385,7750.891602158663,13452.269701752008
2023-05-19,4021.075340925794,7750.891602158663,13452.269701752008
2023-05-22,4053.4485065608715,7750.891602158663,13452.269701752008
2023-05-23,3912.397470886776,7750.891602158663,13452.269701752008
2023-05-24,3706.6039292811397,7750.891602158663,13452.269701752008
2023-05-25,4428.039164891521,7750.891602158663,13452.269701752008
2023-05-26,5290.523410996732,7750.891602158663,13452.269701752008
2023-05-30,5288.211106314204,7750.891602158663,13452.269701752008
2023-05-31,4890.496501078592,7750.891602158663,13452.269701752008
2023-06-01,5124.038823974168,7750.891602158663,13452.269701752008
2023-06-02,5091.667008458599,7750.891602158663,13452.269701752008
2023-06-05,4848.8759168727465,7750.891602158663,13452.269701752008
2023-06-06,5024.610622705101,7750.891602158663,13452.269701752008
2023-06-07,5003.7989804826675,7750.891602158663,13452.269701752008
2023-06-08,5151.786480164513,7750.891602158663,13452.269701752008
2023-06-09,5179.533686315022,7750.891602158663,13452.269701752008
2023-06-12,5688.237566192507,7750.891602158663,13452.269701752008
2023-06-13,5910.217465595764,7750.891602158663,13452.269701752008
2023-06-14,6159.945921269041,7750.891602158663,13452.269701752008
2023-06-15,6000.397798254226,7750.891602158663,13452.269701752008
2023-06-16,5836.223715754842,7750.891602158663,13452.269701752008
2023-06-20,5699.799989684825,7750.891602158663,13452.269701752008
2023-06-21,5275.533484105788,7750.891602158663,13452.269701752008
2023-06-22,5349.641094025473,7750.891602158663,13452.269701752008
2023-06-23,5069.421089275634,7750.891602158663,13452.269701752008
2023-06-26,5115.739189300131,7750.891602158663,13452.269701752008
2023-06-27,5643.754728623314,7750.891602158663,13452.269701752008
2023-06-28,5493.224053822556,7750.891602158663,13452.269701752008
2023-06-29,5514.06719883358,7750.891602158663,13452.269701752008
2023-06-30,5750.285008560147,7750.891602158663,13452.269701752008
2023-07-03,5903.132038401966,7750.891602158663,13452.269701752008
2023-07-05,5523.33081883848,7750.891602158663,13452.269701752008
2023-07-06,5321.850234010774,7750.891602158663,13452.269701752008
2023-07-07,5317.219324087999,7750.891602158663,13452.269701752008
2023-07-10,5632.176103696864,7750.891602158663,13452.269701752008
2023-07-11,5636.807913699313,7750.891602158663,13452.269701752008
2023-07-12,5949.44923834679,7750.891602158663,13452.269701752008
2023-07-13,6317.670932904151,7750.891602158663,13452.269701752008
2023-07-14,6074.505408173911,7750.891602158663,13452.269701752008
2023-07-17,6498.308372720831,7750.891602158663,13452.269701752008
2023-07-18,6544.625122625819,7750.891602158663,13452.269701752008
2023-07-19,6319.987287945215,7750.891602158663,13452.269701752008
2023-07-20,5625.228388693188,7750.891602158663,13452.269701752008
2023-07-21,5771.127253491496,7750.891602158663,13452.269701752008
2023-07-24,5766.495893528884,7750.891602158663,13452.269701752008
2023-07-25,6051.345908121824,7750.891602158663,13452.269701752008
2023-07-26,5803.549023428971,7750.891602158663,13452.269701752008
2023-07-27,6127.770773162246,7750.891602158663,13452.269701752008
2023-07-28,6519.1506176521825,7750.891602158663,13452.269701752008
2023-07-31,6579.364147684029,7750.891602158663,13452.269701752008
2023-08-01,6607.153657579217,7750.891602158663,13452.269701752008
2023-08-02,5854.4984834160805,7750.891602158663,13452.269701752008
2023-08-03,5824.3917184001575,7750.891602158663,13452.269701752008
2023-08-04,5761.864083526434,7750.891602158663,13452.269701752008
2023-08-07,5942.501523343115,7750.891602158663,13452.269701752008
2023-08-08,5664.598323674174,7750.891602158663,13452.269701752008
2023-08-09,5347.325189024249,7750.891602158663,13452.269701752008
2023-08-10,5282.480749069626,7464.970973490568,12956.032416087157
2023-08-11,4895.732264542302,6918.434914358423,12007.4769663979
2023-08-14,5310.271609084324,7504.243802525411,11826.159340204225
2023-08-15,5048.578844344284,7134.431022213631,11826.159340204225
2023-08-16,4754.46430966677,6718.801213314465,11826.159340204225
2023-08-17,4610.881349869686,6712.082412101151,11407.545949480698
2023-08-18,4666.46216981941,6712.082412101151,11545.055616153035
2023-08-21,5067.105634314246,6712.082412101151,12536.267140325774
2023-08-22,4944.364919448512,6712.082412101151,12232.600609253024
2023-08-23,5233.847644123578,6712.082412101151,12935.846231895299
2023-08-24,4726.673899691908,6712.082412101151,12935.8462318953
2023-08-25,4784.571074682693,6712.082412101151,12935.8462318953
2023-08-28,4960.576254457087,6712.082412101151,12935.8462318953
2023-08-29,5342.692928981962,6712.082412101151,12935.8462318953
2023-08-30,5419.117343982545,6712.082412101151,12935.8462318953
2023-08-31,5525.64582376003,6712.082412101151,12935.8462318953
2023-09-01,5562.7003037796285,6712.082412101151,12935.8462318953
2023-09-05,5562.7003037796285,6712.082412101151,12935.8462318953
2023-09-06,5428.381414027282,6712.082412101151,12935.8462318953
2023-09-07,5064.790629392695,6712.082412101151,12935.8462318953
2023-09-08,4979.103044427049,6712.082412101151,12935.8462318953
2023-09-11,4967.523969460762,6712.082412101151,12935.8462318953
2023-09-12,4849.4146145576415,6712.082412101151,12935.8462318953
2023-09-13,4916.5749595134885,6712.082412101151,12935.8462318953
2023-09-14,5013.840719365748,6712.082412101151,12935.8462318953
2023-09-15,4583.090939894825,6712.082412101151,12935.8462318953
2023-09-18,4615.513159872136,6712.082412101151,12935.8462318953
2023-09-19,4507.182270547449,6712.082412101151,12935.8462318953
2023-09-20,4286.810363481808,6712.082412101151,12935.8462318953
2023-09-21,4040.92209773769,6577.008274609975,12675.524894162387
2023-09-22,4138.350321971108,6735.5825359951405,12981.136794564058
2023-09-25,4226.497824685821,6879.0514870707975,13257.637018521385
2023-09-26,3999.1678517002547,6509.0490279216865,12544.550583773973
2023-09-27,4101.235086573514,6675.173747005931,12851.84937326879
2023-09-28,4323.926048919239,6668.498573258925,12851.849373268791
2023-09-29,4377.280071755464,6668.498573258925,12851.849373268791
2023-10-02,4425.992833752662,6668.498573258925,12851.849373268791
2023-10-03,4149.9482986105495,6668.498573258925,12851.849373268791
2023-10-04,4323.926048919239,6668.498573258925,12851.849373268791
2023-10-05,4268.253420842767,6668.498573258925,12851.849373268791
2023-10-06,4516.461641946643,6668.498573258925,12851.849373268791
2023-10-09,4495.58384386817,6668.498573258925,12851.849373268791
2023-10-10,4651.004201497981,6668.498573258925,12851.849373268791
2023-10-11,4757.7104470110835,6668.498573258925,12851.849373268791
2023-10-12,4797.145187728597,6668.498573258925,12851.849373268791
2023-10-13,4402.795980394105,6668.498573258925,12851.849373268791
2023-10-16,4595.331123381672,6668.498573258925,12851.849373268791
2023-10-17,4477.026001149455,6668.498573258925,12851.849373268791
2023-10-18,4240.416656764694,6668.498573258925,12851.849373268791
2023-10-19,4043.2420530974478,6668.498573258925,12851.849373268791
2023-10-20,3859.9849313895643,6668.498573258925,12851.849373268791
2023-10-23,3801.9932480330085,6678.134403549457,12870.420006241093
2023-10-24,3952.7736949433033,6942.977611888963,13380.838503556473
2023-10-25,3472.595140094508,6099.55240890066,11755.349115301724
2023-10-26,3416.9220619781995,6001.763624422317,11566.885893077993
2023-10-27,3502.7511844725836,6152.520971519854,11845.575229755932
2023-10-30,3370.5283552610854,6146.368450548335,11845.575229755932
2023-10-31,3456.356802695714,6146.368450548335,11845.575229755932
2023-11-01,3699.9260131597484,6146.368450548335,11845.575229755932
2023-11-02,3962.052166262824,6146.368450548335,11845.575229755932
2023-11-03,4263.613510123252,6146.368450548335,11845.575229755932
2023-11-06,4233.457690765094,6146.368450548335,11845.575229755932
2023-11-07,4314.6471275598815,6146.368450548335,11845.575229755932
2023-11-08,4330.884564879001,6146.368450548335,11845.575229755932
2023-11-09,4265.933915522846,6146.368450548335,11845.575229755932
2023-11-10,4778.588245089556,6146.368450548335,11845.575229755932
2023-11-13,4644.045235498381,6146.368450548335,11845.575229755932
2023-11-14,5135.820866906944,6146.368450548335,11845.575229755932
2023-11-15,5249.487878578993,6146.368450548335,11845.575229755932
2023-11-16,5270.364776577793,6146.368450548335,11845.575229755932
2023-11-17,5365.472595411616,6146.368450548335,11845.575229755932
2023-11-20,5609.0418058756495,6146.368450548335,11845.575229755932
2023-11-21,5298.2010906160285,6146.368450548335,11845.575229755932
2023-11-22,5335.316326013622,6146.368450548335,11845.575229755932
2023-11-24,5356.194124092095,6146.368450548335,11845.575229755932
2023-11-27,5328.357360014022,6146.368450548335,11845.575229755932
2023-11-28,5228.610530540357,6146.368450548335,11845.575229755932
2023-11-29,5386.349943450252,6146.368450548335,11845.575229755932
2023-11-30,5291.241674576591,6146.368450548335,11845.575229755932
2023-12-01,5351.554213372579,6146.368450548335,11845.575229755932
2023-12-04,5175.256957743969,6146.368450548335,11845.575229755932
2023-12-05,5087.109004989419,6146.368450548335,11845.575229755932
2023-12-06,4980.401409356807,6146.368450548335,11845.575229755932
2023-12-07,5377.071472130731,6146.368450548335,11845.575229755932
2023-12-08,5497.695649643032,6146.368450548335,11845.575229755932
2023-12-11,6056.744135966693,6146.368450548335,11845.575229755932
2023-12-12,6182.00822419851,6146.368450548335,11845.575229755932
2023-12-13,6476.610152019501,6146.368450548335,11845.575229755932
2023-12-14,7003.183313665084,6146.368450548335,11845.575229755932
2023-12-15,7091.331266419633,6146.368450548335,11845.575229755932
2023-12-18,7026.380617063478,6146.368450548335,11845.575229755932
2023-12-19,7133.0864125367425,6146.368450548335,11845.575229755932
2023-12-20,6518.364398056936,6146.368450548335,11845.575229755932
2023-12-21,7035.193747191535,6146.368450548335,11845.575229755932
2023-12-22,7093.316842180497,6146.368450548335,11845.575229755932
2023-12-26,7476.927198924389,6146.368450548335,11845.575229755932
2023-12-27,7521.10085912556,6146.368450548335,11845.575229755932
2023-12-28,7490.877533791852,6146.368450548335,11845.575229755932
2023-12-29,7300.234358279052,6146.368450548335,11845.575229755932
2024-01-02,6519.062409844129,6146.368450548335,11845.575229755932
2024-01-03,6102.902471849054,6146.368450548335,11845.575229755932
2024-01-04,5947.132883305728,6146.368450548335,11845.575229755932
2024-01-05,6028.505036274339,6146.368450548335,11845.575229755932
2024-01-08,6609.734186004599,6146.368450548335,11845.575229755932
2024-01-09,6607.409280206635,6146.368450548335,11845.575229755932
2024-01-10,6549.2857351778375,6146.368450548335,11845.575229755932
2024-01-11,6616.708453358658,6146.368450548335,11845.575229755932
2024-01-12,6533.011394592082,6146.368450548335,11845.575229755932
2024-01-16,6786.428376769448,6146.368450548335,11845.575229755932
2024-01-17,6609.734186004599,6146.368450548335,11845.575229755932
2024-01-18,7251.411336521788,6146.368450548335,11845.575229755932
2024-01-19,8104.654914653787,6146.368450548335,11845.575229755932
2024-01-22,8197.65024649271,6146.368450548335,11845.575229755932
2024-01-23,8351.095829317746,6146.368450548335,11845.575229755932
2024-01-24,8699.831699012491,6146.368450548335,11845.575229755932
2024-01-25,8630.085425153216,6146.368450548335,11845.575229755932
2024-01-26,7907.036121667417,6146.368450548335,11845.575229755932
2024-01-29,8146.503219017156,6146.368450548335,11845.575229755932
2024-01-30,7795.440643365099,6146.368450548335,11845.575229755932
2024-01-31,7462.977314096762,6146.368450548335,11845.575229755932
2024-02-01,7544.350817184883,6146.368450548335,11845.575229755932
2024-02-02,7823.340413020353,6146.368450548335,11845.575229755932
2024-02-05,8160.451753725272,6146.368450548335,11845.575229755932
2024-02-06,7865.188717383722,6146.368450548335,11845.575229755932
2024-02-07,8220.901104631708,6146.368450548335,11845.575229755932
2024-02-08,8637.061042626785,6146.368450548335,11845.575229755932
2024-02-09,9141.565600785181,6146.368450548335,11845.575229755932
2024-02-12,9102.042202219776,6146.368450548335,11845.575229755932
2024-02-13,8564.988062810196,6146.368450548335,11845.575229755932
2024-02-14,9095.068384905557,6146.368450548335,11845.575229755932
2024-02-15,9092.742579027918,6146.368450548335,11845.575229755932
2024-02-16,8911.400826866324,6146.368450548335,11845.575229755932
2024-02-20,8467.34201929567,6146.368450548335,11845.575229755932
2024-02-21,8402.243756872977,6146.368450548335,11845.575229755932
2024-02-22,9629.798518596845,6146.368450548335,11845.575229755932
2024-02-23,9339.184393771551,6146.368450548335,11845.575229755932
2024-02-26,9580.976396919254,6146.368450548335,11845.575229755932
2024-02-27,9557.72643885993,6146.368450548335,11845.575229755932
2024-02-28,9253.162879246847,6146.368450548335,11845.575229755932
2024-02-29,9959.936041987543,6146.368450548335,11845.575229755932
2024-03-01,11236.316525707698,6146.368450548335,11845.575229755932
2024-03-04,11571.102960614651,6146.368450548335,11845.575229755932
2024-03-05,10889.90376165157,6146.368450548335,11845.575229755932
2024-03-06,11675.724621602749,6146.368450548335,11845.575229755932
2024-03-07,12861.430178883575,6146.368450548335,11845.575229755932
2024-03-08,11380.459785101852,6146.368450548335,11845.575229755932
2024-03-11,10873.628520986142,6146.368450548335,11845.575229755932
2024-03-12,11526.928850373644,6146.368450548335,11845.575229755932
2024-03-13,10713.209120846886,6146.368450548335,11845.575229755932
2024-03-14,10120.355442126798,6146.368450548335,11845.575229755932
2024-03-15,9936.688784167241,6146.368450548335,11845.575229755932
2024-03-18,9890.190668207943,6146.368450548335,11845.575229755932
2024-03-19,9637.729120604537,6146.368450548335,11845.575229755932
2024-03-20,10098.441202303704,6146.368450548335,11845.575229755932
2024-03-21,10775.548639068742,6146.368450548335,11845.575229755932
2024-03-22,10803.47001063617,6146.368450548335,11845.575229755932
2024-03-25,10677.821588383553,6146.368450548335,11845.575229755932
2024-03-26,10477.714075098547,6146.368450548335,11845.575229755932
2024-03-27,10819.75875249671,6146.368450548335,11845.575229755932
2024-03-28,10826.737970288976,6146.368450548335,11845.575229755932
2024-04-01,11166.455941729824,6146.368450548335,11845.575229755932
2024-04-02,10675.49488242624,6146.368450548335,11845.575229755932
2024-04-03,10747.626367421637,6146.368450548335,11845.575229755932
2024-04-04,9858.776987505358,6146.368450548335,11845.575229755932
2024-04-05,10149.631433603612,6146.368450548335,11845.575229755932
2024-04-08,10238.050760379876,6146.368450548335,11845.575229755932
2024-04-09,10561.48089003986,6146.368450548335,11845.575229755932
2024-04-10,10026.309717308306,6146.368450548335,11845.575229755932
2024-04-11,10656.880334688061,6146.368450548335,11845.575229755932
2024-04-12,9658.66857414068,6146.368450548335,11845.575229755932
2024-04-15,9256.126841613359,6146.368450548335,11845.575229755932
2024-04-16,9432.968195404907,6262.260572443855,12068.928069647422
2024-04-17,8623.231318435639,5724.700897306966,11032.917354775764
2024-04-18,8122.962535223128,5392.587673575092,10413.682095983033
2024-04-19,7164.3092763484365,4756.166943499885,10413.682095983033
2024-04-22,7462.142940238956,4953.889650912028,10413.682095983033
2024-04-23,7936.814357602328,4948.935761261116,10413.682095983033
2024-04-24,8257.918681384672,4948.935761261116,10413.682095983033
2024-04-25,8704.670527339962,4948.935761261116,10413.682095983033
2024-04-26,9260.782953767006,4948.935761261116,10413.682095983033
2024-04-29,9449.25603718577,4948.935761261116,10413.682095983033
2024-04-30,8883.835886849802,4948.935761261116,10413.682095983033
2024-05-01,7997.313212890835,4948.935761261116,10413.682095983033
2024-05-02,8481.295054402155,4948.935761261116,10413.682095983033
2024-05-03,9067.655558353941,4948.935761261116,10413.682095983033
2024-05-06,9609.806848957433,4948.935761261116,10413.682095983033
2024-05-07,9391.083887854576,4948.935761261116,10413.682095983033
2024-05-08,9402.720117880164,4948.935761261116,10413.682095983033
2024-05-09,9298.012949323036,4948.935761261116,10413.682095983033
2024-05-10,9546.981287711613,4948.935761261116,10413.682095983033
2024-05-13,9602.82583100582,4948.935761261116,10413.682095983033
2024-05-14,10054.231088875737,4948.935761261116,10413.682095983033
2024-05-15,10936.100350920076,4948.935761261116,10413.682095983033
2024-05-16,10763.914209202503,4948.935761261116,10413.682095983033
2024-05-17,10563.807595997172,4948.935761261116,10413.682095983033
2024-05-20,11226.953896938658,4948.935761261116,10413.682095983033
2024-05-21,11164.130135852185,4948.935761261116,10413.682095983033
2024-05-22,11489.885171310134,4948.935761261116,10413.682095983033
2024-05-23,11357.256631185575,4948.935761261116,10413.682095983033
2024-05-24,11969.21180074748,4948.935761261116,10413.682095983033
2024-05-28,12574.188652596791,4948.935761261116,10413.682095983033
2024-05-29,11862.177026153364,4948.935761261116,10413.682095983033
2024-05-30,11634.14814130093,4948.935761261116,10413.682095983033
2024-05-31,11306.065499805994,4948.935761261116,10413.682095983033
2024-06-03,11306.065499805994,4948.935761261116,10413.682095983033
2024-06-04,11073.38230295926,4948.935761261116,10413.682095983033
2024-06-05,12453.192742179124,4948.935761261116,10413.682095983033
2024-06-06,12218.183739454753,4948.935761261116,10413.682095983033
2024-06-07,12069.264657310307,4948.935761261116,10413.682095983033
2024-06-10,12553.246498821627,4948.935761261116,10413.682095983033
2024-06-11,12604.43583004186,4948.935761261116,10413.682095983033
2024-06-12,13663.145545798076,4948.935761261116,10413.682095983033
2024-06-13,14161.0867229736,4948.935761261116,10413.682095983033
2024-06-14,13984.247169341399,4948.935761261116,10413.682095983033
2024-06-17,14582.242103159424,4948.935761261116,10413.682095983033
2024-06-18,15180.237937057123,4948.935761261116,10413.682095983033
2024-06-20,13965.631721523547,4948.935761261116,10413.682095983033
2024-06-21,13542.149635380409,4948.935761261116,10413.682095983033
2024-06-24,12383.387963141036,4948.935761261116,10413.682095983033
2024-06-25,12903.493602289032,4948.935761261116,10413.682095983033
2024-06-26,12782.159261913937,4948.935761261116,10413.682095983033
2024-06-27,12553.48952033361,4948.935761261116,10413.682095983033
2024-06-28,12917.49434161824,4948.935761261116,10413.682095983033
2024-07-01,12917.49434161824,4948.935761261116,10413.682095983033
2024-07-02,13440.167007996506,4948.935761261116,10413.682095983033
2024-07-03,14091.174834454307,4948.935761261116,10413.682095983033
2024-07-05,14189.176409440068,4948.935761261116,10413.682095983033
2024-07-08,15005.85380077562,4948.935761261116,10413.682095983033
2024-07-09,14991.853961526085,4948.935761261116,10413.682095983033
2024-07-10,16004.530902514463,4948.935761261116,10413.682095983033
2024-07-11,14464.51348195841,4948.935761261116,10413.682095983033
2024-07-12,14919.519058524362,4948.935761261116,10413.682095983033
2024-07-15,14966.1854893827,4948.935761261116,10413.682095983033
2024-07-16,15236.85654887098,4948.935761261116,10413.682095983033
2024-07-17,12028.482047280964,4948.935761261116,10413.682095983033
2024-07-18,12054.150519424351,4948.935761261116,10413.682095983033
2024-07-19,10966.803868759867,4948.935761261116,10413.682095983033
2024-07-22,12350.487350816993,5228.481315824034,11001.90927794623
2024-07-23,11790.481179720186,4991.40712440501,10503.051466550669
2024-07-24,10010.125384689953,4237.707554062238,9154.876204220604
2024-07-25,9282.114842041017,3929.510038300961,9154.876204220604
2024-07-26,9781.45474302995,4140.901643215511,9154.876204220604
2024-07-29,9755.788971125585,4136.760741572296,9154.876204220604
2024-07-30,8689.442079335406,4136.760741572296,9154.876204220604
2024-07-31,10357.79556005067,4136.760741572296,9154.876204220604
2024-08-01,8166.7685128774665,4136.760741572296,9154.876204220604
2024-08-02,6846.08520752292,4136.760741572296,9154.876204220604
2024-08-05,6507.747958302001,4900.4674030082915,10974.86559361966
2024-08-06,6668.749709990341,5021.705017161653,10974.86559361966
2024-08-07,6118.076014993496,4607.036454501111,10974.86559361966
2024-08-08,7340.757745362281,5527.740821406149,10974.86559361966
2024-08-09,7235.756700791589,5448.672885847263,10974.86559361966
2024-08-12,7329.091362667614,5443.224212961416,10974.86559361966
2024-08-13,8232.10259617475,5443.224212961416,10974.86559361966
2024-08-14,8178.436245691643,5443.224212961416,10974.86559361966
2024-08-15,9314.78323380917,5443.224212961416,10974.86559361966
2024-08-16,9270.448909386188,5443.224212961416,10974.86559361966
2024-08-19,9706.786833513195,5443.224212961416,10974.86559361966
2024-08-20,9354.450645122415,5443.224212961416,10974.86559361966
2024-08-21,9737.121318686643,5443.224212961416,10974.86559361966
2024-08-22,8752.442256037984,5443.224212961416,10974.86559361966
2024-08-23,9426.783747964791,5443.224212961416,10974.86559361966
2024-08-26,8719.77566442918,5443.224212961416,10974.86559361966
2024-08-27,8981.112897697987,5443.224212961416,10974.86559361966
2024-08-28,8540.106260301895,5443.224212961416,10974.86559361966
2024-08-29,8444.437691831165,5443.224212961416,10974.86559361966
2024-08-30,9051.112994025332,5443.224212961416,10974.86559361966
2024-09-03,7016.420335390895,5443.224212961416,10974.86559361966
2024-09-04,7070.088035993513,5443.224212961416,10974.86559361966
2024-09-05,6941.753325953814,5443.224212961416,10974.86559361966
2024-09-06,6057.408394766112,5443.224212961416,10974.86559361966
2024-09-09,6400.413457176441,5487.802857416777,11064.74699701259
2024-09-10,6615.082909467398,5671.863409374012,11435.857893750588
2024-09-11,7518.09324289486,6446.116935527657,12996.941555284957
2024-09-12,7422.425574503803,6364.090155934195,13156.668873631246
2024-09-13,7800.431585157478,6688.197727931753,13156.668873631246
2024-09-16,7504.093853685163,6681.509530203822,13156.668873631246
2024-09-17,7504.093853685163,6681.509530203822,13156.668873631246
2024-09-18,7266.0902858853615,6681.509530203822,13156.668873631246
2024-09-19,8194.769091456208,6681.509530203822,13156.668873631246
2024-09-20,7828.431263656547,6681.509530203822,13156.668873631246
2024-09-23,7914.765105828132,6681.509530203822,13156.668873631246
2024-09-24,8197.60254226999,6681.509530203822,13156.668873631246
2024-09-25,8354.215505467862,6681.509530203822,13156.668873631246
2024-09-26,9268.176208209316,6681.509530203822,13156.668873631246
2024-09-27,8803.015032681522,6681.509530203822,13156.668873631246
2024-09-30,8573.939355168215,6681.509530203822,13156.668873631246
2024-10-01,7907.753485167603,6681.509530203822,13156.668873631246
2024-10-02,8171.889966222577,6681.509530203822,13156.668873631246
2024-10-03,8230.327639057605,6681.509530203822,13156.668873631246
2024-10-04,8573.939355168215,6681.509530203822,13156.668873631246
2024-10-07,8510.826668506386,6681.509530203822,13156.668873631246
2024-10-08,8756.263994333825,6681.509530203822,13156.668873631246
2024-10-09,9025.07728937495,6681.509530203822,13156.668873631246
2024-10-10,8842.75265020934,6681.509530203822,13156.668873631246
2024-10-11,9039.100530696009,6681.509530203822,13156.668873631246
2024-10-14,9541.662716917894,6681.509530203822,13156.668873631246
2024-10-15,8057.353027545598,6681.509530203822,13156.668873631246
2024-10-16,8055.0146205525225,6681.509530203822,13156.668873631246
2024-10-17,8230.327639057605,6681.509530203822,13156.668873631246
2024-10-18,8244.352680538012,6681.509530203822,13156.668873631246
2024-10-21,8202.277556096791,6681.509530203822,13156.668873631246
2024-10-22,8108.777279560748,6681.509530203822,13156.668873631246
2024-10-23,7900.740064347725,6681.509530203822,13156.668873631246
2024-10-24,8015.277903104378,6681.509530203822,13156.668873631246
2024-10-25,8246.690187451411,6681.509530203822,13156.668873631246
2024-10-28,8263.051835765546,6681.509530203822,13156.668873631246
2024-10-29,8877.813453751009,6681.509530203822,13156.668873631246
2024-10-30,7949.827709529148,6681.509530203822,13156.668873631246
2024-10-31,7033.529049834457,6681.509530203822,13156.668873631246
2024-11-01,7206.503661346463,6705.283466023595,13203.482516564743
2024-11-04,7094.303779543047,6600.887208462314,12997.914151186958
2024-11-05,7335.065641503848,6824.903820139603,13439.028897593826
2024-11-06,7975.54028557656,7420.83275365876,14612.482234012039
2024-11-07,8464.076530238364,7875.390769282111,15492.052241394807
2024-11-08,8277.076877245952,7867.515378512829,15492.05224139481
2024-11-11,7659.978652426762,7867.515378512829,15492.05224139481
2024-11-12,7402.853792032316,7867.515378512829,15492.05224139481
2024-11-13,6940.02922333825,7867.515378512829,15492.05224139481
2024-11-14,6918.99166111764,7867.515378512829,15492.05224139481
2024-11-15,6231.767328816745,7867.515378512829,15492.05224139481
2024-11-18,6467.854626990579,8145.1935668522465,16038.83286946945
2024-11-19,6509.929751431799,8198.180229770269,16143.169767528156
2024-11-20,6341.629703706757,7986.234144848945,15725.82329129147
2024-11-21,6659.5292938097955,8386.57611997726,16514.143173073946
2024-11-22,6659.5292938097955,8386.57611997726,16497.629029900872
2024-11-25,6855.878974455811,8378.189543857285,16497.629029900872
2024-11-26,6575.37949496719,8378.189543857285,16497.629029900872
2024-11-27,6306.567100005741,8378.189543857285,16497.629029900872
2024-11-29,6559.016496533547,8378.189543857285,16497.629029900872
2024-12-02,7059.2416258818685,8378.189543857285,16497.629029900872
2024-12-03,6949.378800952018,8378.189543857285,16497.629029900872
2024-12-04,7218.191195913468,8378.189543857285,16497.629029900872
2024-12-05,6806.791779314225,8378.189543857285,16497.629029900872
2024-12-06,6921.329168031039,8378.189543857285,16497.629029900872
2024-12-09,6832.5039053218,8378.189543857285,16497.629029900872
2024-12-10,6325.267155312949,8378.189543857285,16497.629029900872
2024-12-11,6806.791779314225,8378.189543857285,16497.629029900872
2024-12-12,6652.516323029754,8378.189543857285,16497.629029900872
2024-12-13,7176.116521512084,8378.189543857285,16497.629029900872
2024-12-16,7599.203472678333,8378.189543857285,16497.629029900872
2024-12-17,7276.628868748495,8378.189543857285,16497.629029900872
2024-12-18,6505.25428756516,8378.189543857285,16497.629029900872
2024-12-19,6147.617529974142,8378.189543857285,16497.629029900872
2024-12-20,6381.367321234576,8849.57687001727,17425.845465644572
2024-12-23,6936.217385918822,9619.033955243849,18940.995902388277
2024-12-24,7144.843253238648,9908.35292984311,19510.698591646415
2024-12-26,7165.939770677904,9937.60923861993,19777.357681045167
2024-12-27,6959.658610908871,9651.541866485148,19777.357681045163
2024-12-30,6549.439648802091,9641.890324618662,19777.357681045163
2024-12-31,6401.760426408595,9641.890324618662,19777.357681045163
2025-01-02,6486.14874636481,9641.890324618662,19777.357681045163
2025-01-03,6990.131708352116,9641.890324618662,19777.357681045163
2025-01-06,7616.009760351428,9641.890324618662,19777.357681045163
2025-01-07,7301.898155556458,9641.890324618662,19777.357681045163
2025-01-08,7074.5204783481695,9641.890324618662,19777.357681045163
2025-01-10,6577.5684887343805,9641.890324618662,19777.357681045163
2025-01-13,6528.342681322998,9641.890324618662,19777.357681045163
2025-01-14,6591.633583760281,9641.890324618662,19777.357681045163
2025-01-15,7018.261448364081,9641.890324618662,19777.357681045163
2025-01-16,7029.981835839188,9641.890324618662,19777.357681045163
2025-01-17,7616.009760351428,9641.890324618662,19777.357681045163
2025-01-21,7897.301759993012,9641.890324618662,19777.357681045163
2025-01-22,8239.542654760107,9641.890324618662,19777.357681045163
2025-01-23,8185.627882286974,9641.890324618662,19777.357681045163
2025-01-24,7653.5151802877035,9641.890324618662,19777.357681045163
2025-01-27,5874.336239431237,9641.890324618662,19777.357681045163
2025-01-28,5947.004171912345,9605.754327913266,19703.23585348414
2025-01-29,6019.671204313778,9723.12799048499,19943.991641909593
2025-01-30,6364.255456512155,10279.70935081401,21085.646262655868
2025-01-31,6333.781458989237,10230.48696503242,20984.681752923654
2025-02-03,6003.262751856596,9696.624635409278,19869.738572989547
2025-02-04,6153.285331681375,9686.928010773869,19869.738572989547
2025-02-05,6493.181518897677,9686.928010773869,19869.738572989547
2025-02-06,6490.8372613867205,9686.928010773869,19869.738572989547
2025-02-07,6172.038041649514,9686.928010773869,19869.738572989547
2025-02-10,6411.137456452419,9686.928010773869,19869.738572989547
2025-02-11,6422.857843927527,9686.928010773869,19869.738572989547
2025-02-12,6455.675198881728,9686.928010773869,19869.738572989547
2025-02-13,6673.677196165702,9686.928010773869,19869.738572989547
2025-02-14,6692.430356173678,9686.928010773869,19869.738572989547
2025-02-18,7029.981835839188,9686.928010773869,19869.738572989547
2025-02-19,7376.910345548521,9686.928010773869,19869.738572989547
2025-02-20,7430.825118021654,9686.928010773869,19869.738572989547
2025-02-21,6753.3774511398415,9686.928010773869,19869.738572989547
2025-02-24,6272.835264102747,9686.928010773869,19869.738572989547
2025-02-25,5876.680496942194,9686.928010773869,19869.738572989547
2025-02-26,6162.661911685363,9686.928010773869,19869.738572989547
2025-02-27,5098.436507686822,9686.928010773869,19869.738572989547
2025-02-28,5328.15934248574,10090.087754281978,20696.696169634237
2025-03-03,4807.767027961575,9104.605942892855,18675.284847184055
2025-03-04,4840.584382915777,9166.753106681846,17467.884574286574
2025-03-05,5145.318957666922,9743.837687558585,17467.88457428657
2025-03-06,4507.720968232343,8536.400137024055,17467.88457428657
2025-03-07,4894.498705349072,8527.863736887031,18685.38718980873
2025-03-10,4217.051488507097,8527.863736887031,15356.366686946809
2025-03-11,4081.0935536683805,8527.863736887031,15356.36668694681
2025-03-12,4289.718520908531,8527.863736887031,15356.36668694681
2025-03-13,4240.492713497148,8527.863736887031,15356.36668694681
2025-03-14,4641.334645560104,8527.863736887031,15356.36668694681
2025-03-17,4873.402187909815,8527.863736887031,15356.36668694681
2025-03-18,4671.808643083023,8527.863736887031,15356.36668694681
2025-03-19,4777.293480478494,8527.863736887031,15356.36668694681
2025-03-20,4671.808643083023,8527.863736887031,15356.36668694681
2025-03-21,4519.4413557074495,8527.863736887031,15356.36668694681
2025-03-24,4922.628445361035,8527.863736887031,15356.36668694681
2025-03-25,4832.099331828895,8527.863736887031,15356.36668694681
2025-03-26,4418.256198914718,8527.863736887031,15356.36668694681
2025-03-27,4176.062760232407,8527.863736887031,15356.36668694681
2025-03-28,3769.2731016836,8527.863736887031,15356.36668694681
2025-03-31,3750.4618865366515,9016.824431789535,16236.852111913055
2025-04-01,3750.4618865366515,9016.824431789535,16236.852111913055
2025-04-02,3823.3548389362613,9192.072967566291,16552.42713278232
2025-04-03,2682.932290054823,6450.2800331462495,13500.08908182868
2025-04-04,2052.7606329905725,4935.2273901542185,13500.08908182868
2025-04-07,2151.518724942339,4930.292162764064,13500.08908182868
2025-04-08,1939.8940171686354,4930.292162764064,13500.08908182868
2025-04-09,3002.720922373686,4930.292162764064,13500.08908182868
2025-04-10,2264.385340764276,4930.292162764064,13500.08908182868
2025-04-11,2405.468554286718,4930.292162764064,13500.08908182868
2025-04-14,2461.9019747076454,4930.292162764064,13500.08908182868
2025-04-15,2492.4700305564984,4930.292162764064,13500.08908182868
2025-04-16,2196.195079641444,4930.292162764064,13500.08908182868
2025-04-17,2163.2757906641614,4930.292162764064,13500.08908182868
2025-04-21,2048.0579417137947,4930.292162764064,13500.08908182868
2025-04-22,2158.5730993873835,4930.292162764064,13500.08908182868
2025-04-23,2419.5770781568885,4930.292162764064,13500.08908182868
2025-04-24,2821.664045428917,4930.292162764064,13500.08908182868
2025-04-25,2901.6113722735713,4930.292162764064,13500.08908182868
2025-04-28,2889.854306551749,4930.292162764064,13500.08908182868
2025-04-29,2788.7445314317156,4930.292162764064,13500.08908182868
2025-04-30,2859.286250702896,4930.292162764064,13500.08908182868
2025-05-01,2845.177951852643,4930.292162764064,13500.08908182868
2025-05-02,3124.9929207491787,4930.292162764064,13500.08908182868
2025-05-05,3068.559725348169,4930.292162764064,13500.08908182868
2025-05-06,2972.152866524833,4930.292162764064,13500.08908182868
2025-05-07,3122.6414626008304,4930.292162764064,13500.08908182868
2025-05-08,3211.994397018959,4930.292162764064,13500.08908182868
2025-05-09,3317.8066383958517,4930.292162764064,13500.08908182868
2025-05-12,4027.9253972848387,4930.292162764064,13500.08908182868
2025-05-13,4373.579394175776,4930.292162764064,13500.08908182868
2025-05-14,4430.012589576786,4930.292162764064,13500.08908182868
2025-05-15,4343.010888287086,4930.292162764064,13500.08908182868
2025-05-16,4324.200123179974,4930.292162764064,13500.08908182868
2025-05-19,4246.604254483668,4930.292162764064,13500.08908182868
2025-05-20,4225.441581188371,4930.292162764064,13500.08908182868
2025-05-21,3997.3573414359857,4930.292162764064,13500.08908182868
2025-05-22,3882.139492485619,4930.292162764064,13500.08908182868
2025-05-23,3698.731157392501,4930.292162764064,13500.08908182868
2025-05-27,4065.547827578736,4930.292162764064,13500.08908182868
2025-05-28,4006.7631740293787,4930.292162764064,13500.08908182868
2025-05-29,4044.3856043232763,4930.292162764064,13500.08908182868
2025-05-30,3802.1921656409645,4930.292162764064,13500.08908182868
2025-06-02,3973.8436600321775,4930.292162764064,13500.08908182868
2025-06-03,4303.037449884678,4930.292162764064,13500.08908182868
2025-06-04,4488.797243126143,4930.292162764064,13500.08908182868
2025-06-05,4422.958665171578,4930.292162764064,13500.08908182868
2025-06-06,4509.959466381603,4930.292162764064,13500.08908182868
2025-06-09,4839.154156313777,4930.292162764064,13500.08908182868
2025-06-10,5147.18527287098,4930.292162764064,13500.08908182868
2025-06-11,5088.400619321622,4930.292162764064,13500.08908182868
2025-06-12,5100.1579100633635,4930.292162764064,13500.08908182868
2025-06-13,4712.179466661506,4930.292162764064,13500.08908182868
2025-06-16,5149.537181059165,4930.292162764064,13500.08908182868
2025-06-17,5036.67034021731,4930.292162764064,13500.08908182868
2025-06-18,5081.347144956251,4930.292162764064,13500.08908182868
2025-06-20,4987.291069221507,4930.292162764064,13500.08908182868
2025-06-23,5074.29232047137,4930.292162764064,13500.08908182868
2025-06-24,5649.373025948476,4930.292162764064,13500.08908182868
2025-06-25,5797.9784303265305,4930.292162764064,13500.08908182868
2025-06-26,5944.225625958679,4930.292162764064,13500.08908182868
2025-06-27,5922.995896727668,4930.292162764064,13500.08908182868
2025-06-30,5922.995896727668,4930.292162764064,13500.08908182868
2025-07-01,5828.642794700501,4930.292162764064,13500.08908182868
2025-07-02,6144.7246739018765,4930.292162764064,13500.08908182868
2025-07-03,6234.360008317726,4930.292162764064,13500.08908182868
2025-07-07,5889.972423528119,4930.292162764064,13500.08908182868
2025-07-08,6220.207155523611,4930.292162764064,13500.08908182868
2025-07-09,6286.254101922708,4930.292162764064,13500.08908182868
2025-07-10,6456.089235531772,4930.292162764064,13500.08908182868
2025-07-11,6437.218615126339,4930.292162764064,13500.08908182868
2025-07-14,6250.871969937419,4930.292162764064,13500.08908182868
2025-07-15,6437.218615126339,4930.292162764064,13500.08908182868
2025-07-16,6375.889436338558,4930.292162764064,13500.08908182868
2025-07-17,6444.295041523396,4930.292162764064,13500.08908182868
2025-07-18,6446.653700309136,4930.292162764064,13500.08908182868
2025-07-21,6486.753599905744,4930.292162764064,13500.08908182868
2025-07-22,6208.412961515233,4930.292162764064,13500.08908182868
2025-07-23,6081.036836328357,4930.292162764064,13500.08908182868
2025-07-24,6043.296045557327,4930.292162764064,13500.08908182868
2025-07-25,6038.578277946009,4930.292162764064,13500.08908182868
2025-07-28,6340.506854313431,4930.292162764064,13500.08908182868
2025-07-29,6375.889436338558,4930.292162764064,13500.08908182868
2025-07-30,6512.701096748072,4930.292162764064,13500.08908182868
2025-07-31,5892.331082313859,4930.292162764064,13500.08908182868
2025-08-01,5680.037390322449,5029.806295796432,13772.577935731557
2025-08-04,5897.048849925177,5221.975031803258,14298.772929697216
2025-08-05,5783.825577532414,5121.713169217268,14024.236648329643
2025-08-06,5658.808111131275,5011.007271284215,13721.102587580153
2025-08-07,5897.048849925177,5221.975031803258,14284.47415676752
2025-08-08,6064.5248747086625,5216.753056771455,14284.47415676752
2025-08-11,6040.936936731749,5216.753056771455,14284.47415676752
2025-08-12,6604.694639909824,5216.753056771455,14284.47415676752
2025-08-13,6904.265007531344,5216.753056771455,14284.47415676752
2025-08-14,6939.647139516633,5216.753056771455,14284.47415676752
2025-08-15,6456.089235531772,5216.753056771455,14284.47415676752
2025-08-18,6493.8304763426395,5216.753056771455,14284.47415676752
2025-08-19,6189.542341109802,5216.753056771455,14284.47415676752
2025-08-20,6085.754153899837,5216.753056771455,14284.47415676752
2025-08-21,5979.607757943968,5216.753056771455,14284.47415676752
2025-08-22,6474.959855937205,5216.753056771455,14284.47415676752
2025-08-25,6439.577273912078,5216.753056771455,14284.47415676752
2025-08-26,6590.541787115709,5216.753056771455,14284.47415676752
2025-08-27,6647.153648332009,5216.753056771455,14284.47415676752
2025-08-28,6729.712106310963,5216.753056771455,14284.47415676752
2025-08-29,6142.366465155973,5216.753056771455,14284.47415676752
2025-09-02,5956.019369927218,5216.753056771455,14284.47415676752
2025-09-03,5875.819570734004,5216.753056771455,14284.47415676752
2025-09-04,6050.372021914547,5216.753056771455,14284.47415676752
2025-09-05,6239.077775929044,5216.753056771455,14284.47415676752
2025-09-08,6387.683180307096,5216.753056771455,14284.47415676752
2025-09-09,6411.2715683238475,5216.753056771455,14284.47415676752
2025-09-10,6746.224067930656,5216.753056771455,14284.47415676752
2025-09-11,6880.676619514593,5216.753056771455,14284.47415676752
2025-09-12,6911.340983888565,5216.753056771455,14284.47415676752
2025-09-15,7076.458799926148,5216.753056771455,14284.47415676752
2025-09-16,7189.681622279073,5216.753056771455,14284.47415676752
2025-09-17,7187.322963493331,5216.753056771455,14284.47415676752
2025-09-18,7935.069103114424,5216.753056771455,14284.47415676752
2025-09-19,7788.822357522112,5216.753056771455,14284.47415676752
2025-09-22,8121.415298263507,5216.753056771455,14284.47415676752
2025-09-23,8093.101491958209,5216.753056771455,14284.47415676752
2025-09-24,8069.50680338374,5216.753056771455,14284.47415676752
2025-09-25,7986.923593213751,5216.753056771455,14284.47415676752
2025-09-26,8027.035643885956,5216.753056771455,14284.47415676752
2025-09-29,8027.035643885956,5216.753056771455,14284.47415676752
2025-09-30,8220.514970451559,5216.753056771455,14284.47415676752
2025-10-01,8697.13506030916,5216.753056771455,14284.47415676752
2025-10-02,9220.945427395372,5216.753056771455,14284.47415676752
2025-10-03,9020.38697419369,5216.753056771455,14284.47415676752
2025-10-06,9841.494557684713,5216.753056771455,14284.47415676752
2025-10-07,9161.957805879527,5216.753056771455,14284.47415676752
2025-10-08,10093.961505766163,5216.753056771455,14284.47415676752
2025-10-09,9966.548927352485,5216.753056771455,14284.47415676752
2025-10-10,8071.865912209318,5216.753056771455,14284.47415676752
2025-10-13,9235.101880508184,5216.753056771455,14284.47415676752
2025-10-14,8642.866556524143,5216.753056771455,14284.47415676752
2025-10-15,9433.300324804615,5216.753056771455,14284.47415676752
2025-10-16,9572.5111475852,5216.753056771455,14284.47415676752
2025-10-17,9506.445299512949,5216.753056771455,14284.47415676752
2025-10-20,9966.548927352485,5216.753056771455,14284.47415676752
2025-10-21,9794.304280456101,5216.753056771455,14284.47415676752
2025-10-22,9058.139015960645,5216.753056771455,14284.47415676752
2025-10-23,9714.081079191363,5216.753056771455,14284.47415676752
2025-10-24,10178.90382476173,5216.753056771455,14284.47415676752
2025-10-27,11051.920803212193,5216.753056771455,14284.47415676752
2025-10-28,11080.23460951749,5216.753056771455,14284.47415676752
2025-10-29,11651.235253832316,5216.753056771455,14284.47415676752
2025-10-30,11181.69339053112,5216.753056771455,14284.47415676752
2025-10-31,11273.713936083093,5216.753056771455,14284.47415676752
2025-11-03,11462.475044997542,5216.753056771455,14284.47415676752
2025-11-04,10098.680623496992,5216.753056771455,14284.47415676752
2025-11-05,11049.561694386615,5216.753056771455,14284.47415676752
2025-11-06,10148.23000955118,5216.753056771455,14284.47415676752
2025-11-07,9848.573684320792,5216.753056771455,14284.47415676752
2025-11-10,10608.333637390719,5216.753056771455,14284.47415676752
2025-11-11,9865.090146338856,5216.753056771455,14284.47415676752
2025-11-12,10313.395529811485,5216.753056771455,14284.47415676752
2025-11-13,9253.978351431499,5216.753056771455,14284.47415676752
2025-11-14,9169.036032435932,5216.753056771455,14284.47415676752
2025-11-17,8692.415942578331,5216.753056771455,14284.47415676752
2025-11-18,8104.898836245444,5069.850924227936,13882.227837446704
2025-11-19,8484.779262820242,5307.477225392052,14532.89439593774
2025-11-20,7269.634349601772,4547.36859407872,12557.766920697462
2025-11-21,7486.70881478168,4683.155011670634,12557.766920697462
2025-11-24,8461.184574245774,5292.7180586099585,12557.766920697462
2025-11-25,8534.328648874432,5287.425340551348,12557.766920697462
2025-11-26,9246.89922479542,5287.425340551348,12557.766920697462
2025-11-28,9735.316658940255,5287.425340551348,12557.766920697462
2025-12-01,9747.114903307163,5287.425340551348,12557.766920697462
2025-12-02,10334.631109560378,5287.425340551348,12557.766920697462
2025-12-03,10990.57407287077,5287.425340551348,12557.766920697462
2025-12-04,10655.52391461933,5287.425340551348,12557.766920697462
2025-12-05,10971.697601947455,5287.425340551348,12557.766920697462
2025-12-08,11323.264222216956,5287.425340551348,12557.766920697462
2025-12-09,11276.073944988344,5287.425340551348,12557.766920697462
2025-12-10,11714.94199307899,5287.425340551348,12557.766920697462
2025-12-11,11512.02443105173,5287.425340551348,12557.766920697462
2025-12-12,9841.494557684713,5287.425340551348,12557.766920697462
2025-12-15,9716.441088096613,5287.425340551348,12557.766920697462
2025-12-16,9553.63557674156,5287.425340551348,12557.766920697462
2025-12-17,8496.576607107478,5287.425340551348,12557.766920697462
2025-12-18,9102.97018436368,5287.425340551348,12557.766920697462
2025-12-19,9843.854566589964,5287.425340551348,12557.766920697462
2025-12-22,10207.217631067027,5287.425340551348,12557.766920697462
2025-12-23,10311.036420985909,5287.425340551348,12557.766920697462
2025-12-24,10431.370772843178,5287.425340551348,12557.766920697462
2025-12-26,10431.370772843178,5287.425340551348,12557.766920697462
2025-12-29,10339.350227291206,5287.425340551348,12557.766920697462
2025-12-30,10303.957294349828,5287.425340551348,12557.766920697462
2025-12-31,9916.998641218623,5287.425340551348,12557.766920697462
2026-01-02,11146.301357669417,5287.425340551348,12557.766920697462
2026-01-05,11613.483212065361,5287.425340551348,12557.766920697462
2026-01-06,12743.685356248428,5287.425340551348,12557.766920697462
2026-01-07,12337.851132273581,5287.425340551348,12557.766920697462
2026-01-08,11714.94199307899,5287.425340551348,12557.766920697462
2026-01-09,12729.528903135615,5287.425340551348,12557.766920697462
2026-01-12,12894.69442339592,5287.425340551348,12557.766920697462
2026-01-13,13229.743681567687,5287.425340551348,12557.766920697462
2026-01-14,13066.938170212632,5287.425340551348,12557.766920697462
2026-01-15,13704.00466259971,5287.425340551348,12557.766920697462
2026-01-16,14333.992028350707,5287.425340551348,12557.766920697462
2026-01-20,13670.970838483909,5287.425340551348,12557.766920697462
2026-01-21,14978.13674729419,5287.425340551348,12557.766920697462
2026-01-22,15034.765259984459,5287.425340551348,12557.766920697462
2026-01-23,14534.549581472715,5287.425340551348,12557.766920697462
2026-01-26,14322.194684063472,5287.425340551348,12557.766920697462
2026-01-27,15327.34335865844,5287.425340551348,12557.766920697462
2026-01-28,16537.768704106245,5287.425340551348,12557.766920697462
2026-01-29,16627.431040912314,5287.425340551348,12557.766920697462
2026-01-30,14579.38074987575,5287.425340551348,12557.766920697462
2026-02-02,15383.970971269036,5287.425340551348,12557.766920697462
2026-02-03,14440.169927095165,5287.425340551348,12557.766920697462
2026-02-04,12550.206029682824,5287.425340551348,12557.766920697462
2026-02-05,12564.36338287531,5287.425340551348,12557.766920697462
2026-02-06,14569.942514414093,5287.425340551348,12557.766920697462
2026-02-09,15107.909334613118,5287.425340551348,12557.766920697462
2026-02-10,14945.103823258063,5287.425340551348,12557.766920697462
2026-02-11,16056.431296677165,5287.425340551348,12557.766920697462
2026-02-12,14888.475310567794,5287.425340551348,12557.766920697462
2026-02-13,15240.041030757622,5287.425340551348,12557.766920697462
2026-02-17,15183.413418147027,5287.425340551348,12557.766920697462
2026-02-18,15641.157937160988,5287.425340551348,12557.766920697462
2026-02-19,15391.05099798479,5287.425340551348,12557.766920697462
2026-02-20,15834.63726372659,5287.425340551348,12557.766920697462
2026-02-23,15539.699156147357,5287.425340551348,12557.766920697462
2026-02-24,16169.686521898355,5287.425340551348,12557.766920697462
2026-02-25,16955.402072527675,5287.425340551348,12557.766920697462
2026-02-26,15417.003895305163,5287.425340551348,12557.766920697462
2026-02-27,14810.612118208308,5287.425340551348,12557.766920697462
2026-03-02,14808.252109303055,5287.425340551348,12557.766920697462
2026-03-03,12604.474533467843,5287.425340551348,12557.766920697462
2026-03-04,13359.516268886613,5344.441513317154,12693.181751581587
2026-03-05,12930.086456257624,5172.649176567999,12285.170671573998
2026-03-06,11299.668633562813,4520.404550319379,11039.784055323553
2026-03-09,12580.879844893374,5032.949933501361,11039.784055323553
2026-03-10,12880.537070203434,5152.827066960324,11039.784055323553
2026-03-11,13234.462799298515,5147.674239893364,11039.784055323553
2026-03-12,11863.590151241558,5147.674239893364,11039.784055323553
2026-03-13,11967.40894116044,5147.674239893364,11039.784055323553
2026-03-16,12668.181272714519,5147.674239893364,11039.784055323553
2026-03-17,12965.479389199001,5147.674239893364,11039.784055323553
2026-03-18,12746.045365153679,5147.674239893364,11039.784055323553
2026-03-19,12941.88380054486,5147.674239893364,11039.784055323553
2026-03-20,12066.507713268818,5147.674239893364,11039.784055323553
2026-03-23,12512.45398791587,5147.674239893364,11039.784055323553
2026-03-24,12967.83849802458,5147.674239893364,11039.784055323553
2026-03-25,13458.615941074666,5147.674239893364,11039.784055323553
2026-03-26,11554.495590549514,5147.674239893364,11039.784055323553
2026-03-27,10997.652299427175,5147.674239893364,11039.784055323553
2026-03-30,9584.308491872436,4364.597363763616,9705.294958716044
2026-03-31,11304.387751293641,5147.9040997165175,9705.294958716044
2026-04-01,12330.772005637502,5615.309131025408,9705.294958716044
2026-04-02,12446.388139843617,5667.95955176181,9705.294958716044
2026-04-06,12932.446465162875,5889.305607882896,9705.294958716044
2026-04-07,13342.99980686855,5883.416302275013,9705.294958716044
2026-04-08,15926.657809278562,5883.416302275013,9705.294958716044
2026-04-09,16983.716778912647,5883.416302275013,9705.294958716044
2026-04-10,18024.25748636932,5883.416302275013,9705.294958716044
2026-04-13,19008.170581215396,5883.416302275013,9705.294958716044
2026-04-14,20128.93539001648,5883.416302275013,9705.294958716044
2026-04-15,20282.30356598955,5883.416302275013,9705.294958716044
2026-04-16,20850.945101478796,5883.416302275013,9705.294958716044
2026-04-17,22339.792092487773,5883.416302275013,9705.294958716044
2026-04-20,22637.09020897225,5883.416302275013,9705.294958716044
2026-04-21,23144.38231388106,5883.416302275013,9705.294958716044
2026-04-22,24925.809203723362,5883.416302275013,9705.294958716044
2026-04-23,26608.13552129794,5883.416302275013,9705.294958716044
2026-04-24,30277.16809980668,5883.416302275013,9705.294958716044
2026-04-27,29113.930331348463,5883.416302275013,9705.294958716044
2026-04-28,25850.7346770536,5883.416302275013,9705.294958716044
2026-04-29,27835.079128923157,5883.416302275013,9705.294958716044
2026-04-30,29960.993512398883,5883.416302275013,9705.294958716044
2026-05-01,30767.941942538073,5883.416302275013,9705.294958716044
2026-05-04,30095.485217448633,5883.416302275013,9705.294958716044
2026-05-05,34014.62293497423,5883.416302275013,9705.294958716044
2026-05-06,39132.38955374007,5883.416302275013,9705.294958716044
2026-05-07,35888.07037036851,5883.416302275013,9705.294958716044
2026-05-08,41749.07958010653,5883.416302275013,9705.294958716044
2026-05-11,44929.69112415174,5883.416302275013,9705.294958716044
2026-05-12,40706.17886374461,5883.416302275013,9705.294958716044
2026-05-13,43471.51884843299,5883.416302275013,9705.294958716044
2026-05-14,43931.621576192854,5883.416302275013,9705.294958716044
2026-05-15,38738.349073733756,5883.416302275013,9705.294958716044
2026-05-18,35805.48626011884,5883.416302275013,9705.294958716044
2026-05-19,35838.51918415497,5883.416302275013,9705.294958716044
2026-05-20,40866.62346611474,5883.416302275013,9705.294958716044
2026-05-21,42091.2070648347,5883.416302275013,9705.294958716044
2026-05-22,44962.72404818787,5883.416302275013,9705.294958716044
2026-05-26,53275.25866411172,5883.416302275013,9705.294958716044
2026-05-27,51432.48594400766,5883.416302275013,9705.294958716044
2026-05-28,53001.55883652041,5883.416302275013,9705.294958716044
2026-05-29,52933.13117938356,5883.416302275013,9705.294958716044
2026-06-01,53567.83856294506,5883.416302275013,9705.294958716044
2026-06-02,62838.33517655396,5883.416302275013,9705.294958716044
2026-06-03,66193.5513764008,5883.416302275013,9705.294958716044
2026-06-04,61984.19556910649,5883.416302275013,9705.294958716044
2026-06-05,43070.400141870276,5883.416302275013,9705.294958716044
2026-06-08,49889.37134929335,5883.416302275013,9705.294958716044
2026-06-09,47586.49230111074,5883.416302275013,9705.294958716044
2026-06-10,42624.45386722323,5883.416302275013,9705.294958716044
2026-06-11,52850.5506694526,5883.416302275013,9705.294958716044
2026-06-12,55372.85834120248,5883.416302275013,9705.294958716044
2026-06-15,64296.507452272715,5883.416302275013,9705.294958716044
2026-06-16,53369.641018728296,5883.416302275013,9705.294958716044
2026-06-17,55179.380814796226,5883.416302275013,9705.294958716044
2026-06-18,65898.61326882157,5883.416302275013,9705.294958716044
2026-06-22,70966.82510105518,5883.416302275013,9705.294958716044
2026-06-23,54603.66105275057,5883.416302275013,9705.294958716044
2026-06-24,54167.154813724526,5883.416302275013,9705.294958716044
2026-06-25,59603.452428484714,5883.416302275013,9705.294958716044
2026-06-26,50870.92623539351,5883.416302275013,9705.294958716044
2026-06-29,55807.00997180133,5883.416302275013,9705.294958716044
2026-06-30,62930.35212178724,5883.416302275013,9705.294958716044
2026-07-01,51331.02896315339,5883.416302275013,9705.294958716044
2026-07-02,42775.11705895422,5883.416302275013,9705.294958716044
