asset,signal_date,entry_date,exit_date,z_score,entry_price,exit_price,return,winner,year,event_id
NVDA,2021-01-06,2021-01-07,2021-01-13,-2.4765004858432733,12.928297476723126,13.463886222839356,0.0414276316800827,True,2021,1
AMD,2021-01-15,2021-01-19,2021-01-25,-1.988152621025184,89.64955755615233,94.03586725616456,0.0489272877589477,True,2021,2
AMD,2021-01-29,2021-02-01,2021-02-05,-2.000648481055561,86.91683183288573,87.81210152435303,0.0103003028595038,True,2021,3
SOXL,2021-04-30,2021-05-03,2021-05-07,-1.937872156500738,36.63245801109698,35.79357733154297,-0.0228999287817347,False,2021,4
SOXX,2021-04-30,2021-05-03,2021-05-07,-1.9564276333419837,136.12724204402477,134.97629301452636,-0.0084549500321631,False,2021,4
SMH,2021-04-30,2021-05-03,2021-05-07,-1.798332944076723,118.77244593820252,118.06018924713136,-0.0059968175736798,False,2021,4
AVGO,2021-05-04,2021-05-05,2021-05-11,-1.8639567415146536,40.7267600716998,39.71229644393921,-0.0249090186888085,False,2021,4
AVGO,2021-05-10,2021-05-11,2021-05-17,-1.8712871514930975,38.42914818465329,39.70056273651123,0.0330846404856217,True,2021,5
SOXL,2021-05-10,2021-05-11,2021-05-17,-2.0759206343230305,28.18329867265348,30.1429797706604,0.0695334183825833,True,2021,5
SMH,2021-05-10,2021-05-11,2021-05-17,-2.1595163434389937,109.73510059833043,111.82762799835206,0.019068897632682,True,2021,5
AMD,2021-05-10,2021-05-11,2021-05-17,-1.7782145306476431,73.64356969451903,74.57535152435302,0.01265258913574,True,2021,5
TSM,2021-05-10,2021-05-11,2021-05-17,-2.0903766087315816,100.86326898443984,100.72595544433594,-0.0013613830038076,False,2021,5
SOXX,2021-05-10,2021-05-11,2021-05-17,-2.1250626660018055,125.28911584871888,128.219140914917,0.0233861101688672,True,2021,5
SOXL,2021-07-16,2021-07-19,2021-07-23,-1.8581910634774763,34.19482547851832,40.271410079956055,0.1777047993783485,True,2021,6
SOXX,2021-07-16,2021-07-19,2021-07-23,-1.7563854333675455,134.97203423075376,142.41801681518555,0.0551668545774588,True,2021,6
NVDA,2021-07-16,2021-07-19,2021-07-23,-1.9300296848118672,17.87135433091136,19.47108902549744,0.0895139039249579,True,2021,6
TSM,2021-08-17,2021-08-18,2021-08-24,-2.739737985785698,103.10485266201624,103.23956023406984,0.0013065104946627,True,2021,7
AVGO,2021-08-18,2021-08-19,2021-08-25,-2.7778738595725043,42.49815092400831,43.964814571380614,0.0345112343827587,True,2021,7
SOXL,2021-08-18,2021-08-19,2021-08-25,-1.7912254801823977,37.07918750639517,43.402015811920165,0.1705222991856139,True,2021,7
NVDA,2021-08-18,2021-08-19,2021-08-25,-1.7795491644454873,19.446231139300178,22.114292404174805,0.1372019722362842,True,2021,7
AMD,2021-12-06,2021-12-07,2021-12-13,-1.9694629372167824,144.04389389038084,133.66620304870605,-0.0720453367469525,False,2021,8
AMD,2021-12-09,2021-12-10,2021-12-16,-1.908619249344081,141.43128327941892,138.50135939025878,-0.02071623633204,False,2021,8
AMD,2021-12-13,2021-12-14,2021-12-20,-1.9968618976346344,131.80166816711423,135.66420304870604,0.0293056600519989,True,2021,8
NVDA,2021-12-13,2021-12-14,2021-12-20,-2.304571617533866,27.639384982994603,27.604078342437745,-0.0012774032627201,False,2021,8
NVDA,2021-12-16,2021-12-17,2021-12-23,-1.7963181583172998,27.924768831129136,29.51710899925232,0.0570225013411076,True,2021,8
SOXL,2021-12-16,2021-12-17,2021-12-23,-1.8239824036376144,55.686777231531465,65.35153708648681,0.17355574043676,True,2021,8
SOXL,2022-08-22,2022-08-23,2022-08-29,-1.8369103066409056,16.61589007035135,14.611801222801208,-0.1206127892676751,False,2022,9
AMD,2022-08-26,2022-08-29,2022-09-02,-1.9005069663866183,90.14005305480956,80.15975786590576,-0.1107198725835594,False,2022,9
NVDA,2022-08-26,2022-08-29,2022-09-02,-2.2612588487077083,15.99162185901519,13.595607473373413,-0.149829354818757,False,2022,9
SOXL,2022-08-26,2022-08-29,2022-09-02,-2.0813667269168534,15.059369272726329,12.485565977096558,-0.1709104311753033,False,2022,9
AVGO,2022-08-26,2022-08-29,2022-09-02,-1.982871577635011,48.76570707534431,46.817004844665526,-0.0399605039596367,False,2022,9
SOXX,2022-08-26,2022-08-29,2022-09-02,-2.017927190322109,123.34380530835736,115.73132842254638,-0.0617175452531232,False,2022,9
SMH,2022-08-26,2022-08-29,2022-09-02,-2.101835526355872,107.84752281514538,101.25889974975586,-0.0610920204136971,False,2022,9
TSM,2022-08-29,2022-08-30,2022-09-06,-2.073422419685918,78.73262007110546,75.0582589416504,-0.0466688537246271,False,2022,9
AMD,2022-12-09,2022-12-12,2022-12-16,-2.01927367135962,68.60854091644286,65.34459365844727,-0.04757348304449,False,2022,10
TSM,2023-02-17,2023-02-21,2023-02-27,-1.970705528586442,83.99863766846633,82.80641580963135,-0.0141933475580944,False,2023,11
AVGO,2023-02-22,2023-02-23,2023-03-01,-2.01900423309051,55.854547466785625,56.48714984893799,0.0113258885953475,True,2023,11
AVGO,2023-04-12,2023-04-13,2023-04-19,-1.8682436028610416,59.45668016679983,60.81685359191894,0.022876713286098,True,2023,12
TSM,2023-04-12,2023-04-13,2023-04-19,-1.8590170024189436,82.69714294716267,83.1707361831665,0.0057268391521869,True,2023,12
AMD,2023-04-17,2023-04-18,2023-04-24,-1.999675297900345,91.70161061096192,87.4824296951294,-0.0460098888964132,False,2023,12
TSM,2023-04-21,2023-04-24,2023-04-28,-1.8404009329717823,81.5889192241063,80.37709249877929,-0.0148528346355268,False,2023,12
SOXL,2023-04-25,2023-04-26,2023-05-02,-2.27015704456012,13.360813499692426,14.048799533843994,0.0514928252061452,True,2023,12
SMH,2023-04-25,2023-04-26,2023-05-02,-2.5271287531226476,119.29966314486585,121.70753922271729,0.0201834272987639,True,2023,12
AMD,2023-04-25,2023-04-26,2023-05-02,-2.3436097063124253,86.59651213836669,89.82009365844726,0.03722530435094,True,2023,12
SOXX,2023-04-25,2023-04-26,2023-05-02,-2.4201741573861426,132.3426664229763,134.59805529785157,0.0170420389420513,True,2023,12
AVGO,2023-05-02,2023-05-03,2023-05-09,-1.882569217908047,59.24826411170819,59.284208084106446,0.0006066670971234,True,2023,13
AMD,2023-05-03,2023-05-04,2023-05-10,-2.428805975608223,81.65156969451904,96.92297664642334,0.1870313946080746,True,2023,13
AMD,2023-06-23,2023-06-26,2023-06-30,-1.9480977437292255,111.06094694519042,113.79609365844726,0.0246274391538068,True,2023,14
TSM,2023-07-20,2023-07-21,2023-07-27,-1.9669850505974389,93.90363388322588,95.12349314117432,0.0129905436829571,True,2023,15
TSM,2023-08-02,2023-08-03,2023-08-09,-1.7748247838960105,90.98712956856686,89.98192659759522,-0.011047749013932,False,2023,16
AMD,2024-02-21,2024-02-22,2024-02-28,-1.876382687257641,173.3731969451904,176.36345329284669,0.0172475123049244,True,2024,17
NVDA,2024-04-09,2024-04-10,2024-04-16,-1.769197459986391,83.86480112914772,87.1767206954956,0.0394911753412219,True,2024,18
AMD,2024-04-12,2024-04-15,2024-04-19,-1.805037400660048,164.594422668457,146.4933593902588,-0.1099737341322872,False,2024,18
AMD,2024-06-18,2024-06-20,2024-06-26,-2.039344345042315,155.97582733154294,157.3824532928467,0.0090182304871755,True,2024,19
NVDA,2024-07-17,2024-07-18,2024-07-24,-1.9461058518769525,121.7711327788875,113.94793446350096,-0.064245097642246,False,2024,20
SOXX,2024-07-19,2024-07-22,2024-07-26,-1.860556566752362,238.84703797312324,226.37825354003903,-0.0522040572028665,False,2024,20
SMH,2024-07-19,2024-07-22,2024-07-26,-1.9820042686297337,251.3533706129649,238.26893884277345,-0.0520559232537164,False,2024,20
SOXL,2024-07-19,2024-07-22,2024-07-26,-1.9878642460309763,49.54495558347721,41.41408797454834,-0.1641109072189872,False,2024,20
SOXL,2024-10-31,2024-11-01,2024-11-07,-2.4674416588944816,30.43415248329156,35.836388786315915,0.1775057250564213,True,2024,21
SOXX,2024-10-31,2024-11-01,2024-11-07,-2.6050753402528932,218.11478016852044,230.6197963256836,0.0573322731614129,True,2024,21
AMD,2024-10-31,2024-11-01,2024-11-07,-1.9664805379827888,144.58444244384765,149.67018731689453,0.0351749108485308,True,2024,21
AVGO,2024-10-31,2024-11-01,2024-11-07,-1.774268939612821,165.8628684341025,180.8293351135254,0.0902339795562445,True,2024,21
SMH,2024-10-31,2024-11-01,2024-11-07,-2.3114987118472623,242.60071533834736,258.80304116821287,0.0667859771446619,True,2024,21
TSM,2024-11-13,2024-11-14,2024-11-20,-2.0253794899192283,184.538674688166,184.13090084838868,-0.0022096931197017,False,2024,22
SOXL,2024-11-15,2024-11-18,2024-11-22,-2.237718150174405,26.477413909633217,28.196043691635133,0.0649092765580339,True,2024,22
TSM,2024-11-15,2024-11-18,2024-11-22,-1.775645031170159,180.57173082334697,185.8122774810791,0.0290219661396442,True,2024,22
AVGO,2024-11-15,2024-11-18,2024-11-22,-1.922281970697257,163.29990093332182,161.56683283996583,-0.0106127932928975,False,2024,22
SMH,2024-11-15,2024-11-18,2024-11-22,-1.9586776647395203,237.47429547990947,242.54234060668944,0.0213414471513138,True,2024,22
SOXX,2024-11-15,2024-11-18,2024-11-22,-2.292802312124653,209.32156085708303,213.86994612121583,0.0217291770876784,True,2024,22
TSM,2024-11-27,2024-11-29,2024-12-05,-1.8190000841842464,177.7898870795854,199.7129899291992,0.1233090543547068,True,2024,23
AMD,2024-12-09,2024-12-10,2024-12-16,-2.3717226119150996,131.69155755615233,126.56331243896484,-0.0389413354383089,False,2024,24
AMD,2024-12-13,2024-12-16,2024-12-20,-1.968651259675655,126.13601213836668,119.09078908538818,-0.055854176246274,False,2024,24
NVDA,2024-12-16,2024-12-17,2024-12-23,-1.768201592314046,129.02637457552365,139.32225398254394,0.0797967038978821,True,2024,24
SOXL,2024-12-19,2024-12-20,2024-12-27,-1.8050453605295935,25.604748383512515,29.466772956848143,0.1508323579474217,True,2024,24
AMD,2025-02-05,2025-02-06,2025-02-12,-1.7523433897070797,111.04093030548094,111.60828121948242,0.0051093854530996,True,2025,25
SOXL,2025-07-31,2025-08-01,2025-08-07,-1.9535859398412296,23.596724056565943,24.96774598503113,0.0581022147472072,True,2025,26
SOXX,2025-08-01,2025-08-04,2025-08-08,-2.271780282885771,237.88868563879473,241.5002014160156,0.0151815365557339,True,2025,26
SOXX,2025-08-06,2025-08-07,2025-08-13,-1.9018890102214443,241.1567136703976,252.4481201019287,0.0468218622640699,True,2025,26
SOXL,2025-08-06,2025-08-07,2025-08-13,-1.8684404200851403,25.49807144846988,29.23223790550232,0.1464489761344882,True,2025,26
TSM,2025-08-19,2025-08-20,2025-08-26,-1.836201946055929,225.87014159826649,235.8726558837891,0.0442843583252943,True,2025,27
NVDA,2025-08-29,2025-09-02,2025-09-08,-2.0078338088249894,169.94365377773414,167.91803448486328,-0.0119193582569439,False,2025,28
AMD,2025-09-05,2025-09-08,2025-09-12,-2.2166870491627755,151.95180305480957,158.4114373168945,0.0425110734602798,True,2025,29
NVDA,2025-09-05,2025-09-08,2025-09-12,-2.2015115621048853,167.49446413966402,177.41589710998534,0.0592343933352232,True,2025,29
TSM,2025-11-07,2025-11-10,2025-11-14,-1.86642751961733,292.35068686563056,282.3106684570312,-0.0343423800923509,False,2025,30
TSM,2025-11-13,2025-11-14,2025-11-20,-2.065025333099838,274.026670095331,275.05511389160154,0.0037530792017899,True,2025,31
NVDA,2025-12-12,2025-12-15,2025-12-19,-1.8945114741722344,177.90096348322015,180.58874647521972,0.0151083104856433,True,2025,32
AVGO,2026-06-05,2026-06-08,2026-06-12,-1.890481680375836,402.38575709437697,381.0848117980957,-0.0529366283988159,False,2026,33
NVDA,2026-06-05,2026-06-08,2026-06-12,-2.09648685376569,210.390172668457,204.98481243896484,-0.0256920756370603,False,2026,33
AVGO,2026-06-10,2026-06-11,2026-06-17,-1.82799169140877,372.60310248777375,391.8868651428223,0.0517541655619502,True,2026,33
NVDA,2026-06-10,2026-06-11,2026-06-17,-2.011532606480188,201.6914954986572,204.4453439025879,0.0136537656043558,True,2026,33
