z_window,z_threshold,hold_days,year,trades,avg_return,median_return,win_rate,compounded_return
5,-1.75,1,2023,1,0.01511061136016778,0.01511061136016778,1.0,0.01511061136016778
5,-1.75,1,2024,1,-0.014759221616523543,-0.014759221616523543,0.0,-0.014759221616523543
5,-1.75,2,2023,1,0.023497083563796206,0.023497083563796206,1.0,0.023497083563796206
5,-1.75,2,2024,1,-0.039906361040035865,-0.039906361040035865,0.0,-0.039906361040035865
5,-1.75,3,2023,1,0.07884855337007957,0.07884855337007957,1.0,0.07884855337007957
5,-1.75,3,2024,1,-0.026769871576244775,-0.026769871576244775,0.0,-0.026769871576244775
5,-1.75,5,2023,1,0.08086125734728,0.08086125734728,1.0,0.08086125734728
5,-1.75,5,2024,1,0.06668737632676192,0.06668737632676192,1.0,0.06668737632676192
5,-1.5,1,2021,9,-0.01653802724375275,-0.02171005146748295,0.4444444444444444,-0.14581361549222416
5,-1.5,1,2022,2,0.02701294143548494,0.02701294143548494,1.0,0.05454813011517379
5,-1.5,1,2023,7,0.012829440871652529,0.01511061136016778,0.5714285714285714,0.09106296162418515
5,-1.5,1,2024,9,-0.007803350433419632,-0.010367622524128595,0.4444444444444444,-0.07114079922808347
5,-1.5,1,2025,7,0.023705403937965403,0.021757731111422984,0.7142857142857143,0.16907905147391555
5,-1.5,1,2026,1,0.001887521536889647,0.001887521536889647,1.0,0.001887521536889647
5,-1.5,2,2021,9,-0.007043527649382431,-0.018346396697396128,0.4444444444444444,-0.08033564969010387
5,-1.5,2,2022,2,0.025950269330837994,0.025950269330837994,1.0,0.05249885785446473
5,-1.5,2,2023,7,0.031464666712265395,-0.006387398450275139,0.42857142857142855,0.2103776352332445
5,-1.5,2,2024,9,-0.017506120622643524,-0.01707265470386432,0.3333333333333333,-0.15985640803240353
5,-1.5,2,2025,7,-0.0025496847226149804,-0.00684722242924507,0.2857142857142857,-0.03293381617174407
5,-1.5,2,2026,1,-0.04435931861327369,-0.04435931861327369,0.0,-0.04435931861327369
5,-1.5,3,2021,9,0.009772617841741858,0.0014699521249228464,0.5555555555555556,0.07340472584963331
5,-1.5,3,2022,2,0.12935044373492122,0.12935044373492122,1.0,0.27543221042057553
5,-1.5,3,2023,7,0.05417086721768224,0.04269465477710899,0.5714285714285714,0.41328324395946425
5,-1.5,3,2024,9,0.018728828558081986,0.020224592620532222,0.5555555555555556,0.17319139893456525
5,-1.5,3,2025,7,0.022295730207586666,0.016821225975117482,0.5714285714285714,0.11865949717354374
5,-1.5,3,2026,1,-0.14400788611058224,-0.14400788611058224,0.0,-0.14400788611058224
5,-1.5,5,2021,9,0.03518026789010805,0.04453630532500896,0.6666666666666666,0.33406326595311264
5,-1.5,5,2022,2,-0.007430236910786536,-0.007430236910786536,0.5,-0.027615610209986374
5,-1.5,5,2023,7,0.0433778958106419,0.055862872452395074,0.7142857142857143,0.30688213067116776
5,-1.5,5,2024,9,0.01787764939022407,0.05487553320330951,0.5555555555555556,0.11010897569950284
5,-1.5,5,2025,7,0.06782362658493331,0.0516957418845545,0.7142857142857143,0.5294539007881651
5,-1.5,5,2026,1,0.11200791478136041,0.11200791478136041,1.0,0.11200791478136041
5,-1.25,1,2021,18,0.0022044621993391558,0.017083080266759976,0.6111111111111112,0.01650252543080999
5,-1.25,1,2022,6,0.011772384945178682,0.017988635161305,0.6666666666666666,0.06564551192873469
5,-1.25,1,2023,16,0.001901794185570578,0.001960472382075029,0.5,0.019028230362323928
5,-1.25,1,2024,19,0.0034951678652461564,0.017693346744577676,0.631578947368421,0.05612345879598135
5,-1.25,1,2025,12,0.026956080386079762,0.020460886622349572,0.75,0.36166926371588826
5,-1.25,1,2026,2,-0.061222166178272974,-0.061222166178272974,0.5,-0.12267901140849125
5,-1.25,2,2021,18,0.007985807413159055,0.008333425520762328,0.5555555555555556,0.10646697263482441
5,-1.25,2,2022,6,0.038085809043246245,0.025950269330837994,0.6666666666666666,0.24100208915475552
5,-1.25,2,2023,16,0.014606393733648713,-0.007123619456801178,0.4375,0.18103099807091105
5,-1.25,2,2024,19,0.007752720845152988,0.002581541056415393,0.5263157894736842,0.10860781545111253
5,-1.25,2,2025,12,0.0022566774589758234,-0.005006191847462094,0.4166666666666667,0.007903117061676346
5,-1.25,2,2026,2,-0.08394165542637116,-0.08394165542637116,0.0,-0.16240387072460816
5,-1.25,3,2021,18,-0.010841946879247506,-0.02157708657391222,0.3888888888888889,-0.20997819687935382
5,-1.25,3,2022,6,0.03900005485032245,0.10324226176082496,0.6666666666666666,0.20711629135666332
5,-1.25,3,2023,16,0.03416162262594228,0.019510316523691285,0.6875,0.5678276314339599
5,-1.25,3,2024,19,0.020813596534180117,0.014074722837875031,0.5263157894736842,0.3792159313463721
5,-1.25,3,2025,12,0.014397464742452617,0.02609720992692577,0.5833333333333334,0.1312169745922258
5,-1.25,3,2026,2,-0.07228163586145314,-0.07228163586145314,0.0,-0.14448329181489927
5,-1.25,5,2021,18,0.023764952609822483,0.06329263955106779,0.6111111111111112,0.4266600598640591
5,-1.25,5,2022,6,-0.0077750136724714465,-0.007430236910786536,0.5,-0.11971632856044012
5,-1.25,5,2023,16,0.022902385374779725,-0.0020839600797228908,0.5,0.3357295957835893
5,-1.25,5,2024,19,0.03525708044280749,0.06490920459325333,0.631578947368421,0.6278305523368222
5,-1.25,5,2025,12,0.0395334194978604,0.04281581545746449,0.6666666666666666,0.5055582638265756
5,-1.25,5,2026,2,0.10581390725626583,0.10581390725626583,1.0,0.2227860317521484
10,-2.0,1,2021,3,0.003583597209744068,0.001803779849525844,0.6666666666666666,0.009205682557113848
10,-2.0,1,2023,3,-0.03452295061119178,-0.021802417288191767,0.0,-0.10056490992841038
10,-2.0,1,2024,2,-0.02275534621645814,-0.02275534621645814,0.5,-0.04563348054495886
10,-2.0,1,2025,1,-0.0035536953073486144,-0.0035536953073486144,0.0,-0.0035536953073486144
10,-2.0,2,2021,3,0.027205469395054638,0.0425167689334629,0.6666666666666666,0.07897360847795709
10,-2.0,2,2023,3,0.024017440343928387,0.013302034407716823,0.6666666666666666,0.07230331018053948
10,-2.0,2,2024,2,-0.07349464024043734,-0.07349464024043734,0.0,-0.14524083140188382
10,-2.0,2,2025,1,-0.004331582418497404,-0.004331582418497404,0.0,-0.004331582418497404
10,-2.0,3,2021,3,0.07426425007874098,0.06493304652368925,0.6666666666666666,0.22742155989498802
10,-2.0,3,2023,3,0.030293704099381518,0.03603333211371029,1.0,0.09339487018692738
10,-2.0,3,2024,2,-0.0021116463194849056,-0.0021116463194849056,0.5,-0.0047274030027680825
10,-2.0,3,2025,1,0.045451782807107044,0.045451782807107044,1.0,0.045451782807107044
10,-2.0,5,2021,3,0.10070317092672816,0.0798683938284086,1.0,0.32840597352508083
10,-2.0,5,2023,3,0.08422667739560515,0.05149253475111659,1.0,0.269319271282902
10,-2.0,5,2024,2,-0.01598974527404623,-0.01598974527404623,0.5,-0.06916429563167859
10,-2.0,5,2025,1,0.07384395742007932,0.07384395742007932,1.0,0.07384395742007932
10,-1.75,1,2021,6,-0.02585516119203764,-0.026026033558386064,0.3333333333333333,-0.14849408823767674
10,-1.75,1,2022,3,0.013676275499980258,0.012609755649245269,0.6666666666666666,0.04084210862210358
10,-1.75,1,2023,3,-0.03452295061119178,-0.021802417288191767,0.0,-0.10056490992841038
10,-1.75,1,2024,4,0.0028851066231476152,0.012673378196579654,0.75,0.00955940052772708
10,-1.75,1,2025,3,0.016164706527586652,0.014642122620083686,1.0,0.04908539173941917
10,-1.75,2,2021,6,-0.014601271195206452,-0.005476662872278493,0.5,-0.0891898441519704
10,-1.75,2,2022,3,0.012967827430215628,0.017284400329151683,0.6666666666666666,0.03881947086848636
10,-1.75,2,2023,3,0.024017440343928387,0.013302034407716823,0.6666666666666666,0.07230331018053948
10,-1.75,2,2024,4,-0.017303916988770734,0.011866014657463786,0.5,-0.07747434069402737
10,-1.75,2,2025,3,0.0026277514601790544,-0.0031651612656791173,0.3333333333333333,0.007771648600253034
10,-1.75,3,2021,6,-0.0008410552948557489,-0.01343930671916077,0.5,-0.010963804048304326
10,-1.75,3,2022,3,0.05796218223663966,0.12888747107069531,0.6666666666666666,0.1672572683097826
10,-1.75,3,2023,3,0.030293704099381518,0.03603333211371029,1.0,0.09339487018692738
10,-1.75,3,2024,4,0.03664953350701139,0.017257280074889803,0.75,0.1472966032543468
10,-1.75,3,2025,3,-0.0016221481150506072,-0.003943351690334995,0.3333333333333333,-0.005530130968182778
10,-1.75,5,2021,6,0.011282681120038293,0.03011984798856271,0.6666666666666666,0.05530363663889748
10,-1.75,5,2022,3,-0.05533092788567547,-0.12061303069572438,0.3333333333333333,-0.17457430908688898
10,-1.75,5,2023,3,0.08422667739560515,0.05149253475111659,1.0,0.269319271282902
10,-1.75,5,2024,4,0.03982013211530375,0.09563000950465372,0.75,0.11650145047139127
10,-1.75,5,2025,3,0.03423148383339303,0.043457930933499034,1.0,0.10567551530589792
10,-1.5,1,2021,10,0.0026358681895045978,0.007477600588254529,0.6,0.011162054412693578
10,-1.5,1,2022,4,0.002827146942211839,-0.00019365036089191712,0.5,0.009908032672480083
10,-1.5,1,2023,4,-0.02016193378941286,-0.01696448304287229,0.25,-0.07968532060085598
10,-1.5,1,2024,7,-0.00387427717326854,0.002554610193488571,0.5714285714285714,-0.03319438944554509
10,-1.5,1,2025,5,0.02678556952535551,0.01916404213327616,0.8,0.1386446065442546
10,-1.5,1,2026,1,0.001887521536889647,0.001887521536889647,1.0,0.001887521536889647
10,-1.5,2,2021,10,-0.011743234202523656,-0.004553996233089885,0.5,-0.12400709840317747
10,-1.5,2,2022,4,-0.007052407988972692,0.00214367197906129,0.5,-0.030898938961438138
10,-1.5,2,2023,4,0.0015080844327898246,0.02405388335231473,0.75,-0.003139500044737842
10,-1.5,2,2024,7,-0.006057060874141548,-0.013054479212520786,0.42857142857142855,-0.0636332426898768
10,-1.5,2,2025,5,0.005112563550821725,0.01588741050611464,0.6,0.02073561230349008
10,-1.5,2,2026,1,-0.04435931861327369,-0.04435931861327369,0.0,-0.04435931861327369
10,-1.5,3,2021,10,-0.00510372064837702,-0.006428373478110927,0.5,-0.06027365157717268
10,-1.5,3,2022,4,0.019762800593469743,0.022036565155385934,0.5,0.05656002334087895
10,-1.5,3,2023,4,-0.02578050285769301,-0.020974384594846074,0.5,-0.10452628073990922
10,-1.5,3,2024,7,0.0020543831008839686,-0.010493275707971983,0.42857142857142855,-0.01205574790745545
10,-1.5,3,2025,5,-0.002688198625933147,-0.003943351690334995,0.4,-0.015714343152412047
10,-1.5,3,2026,1,-0.14400788611058224,-0.14400788611058224,0.0,-0.14400788611058224
10,-1.5,5,2021,10,0.02424296548320858,0.03011984798856271,0.6,0.2541525341493296
10,-1.5,5,2022,4,-0.08422580140660707,-0.13587267026558886,0.25,-0.31564816222523384
10,-1.5,5,2023,4,0.023072007839301106,-0.0014698432268983597,0.5,0.07899639503815115
10,-1.5,5,2024,7,0.01022264397939592,0.06668737632676192,0.7142857142857143,-0.037740936361541855
10,-1.5,5,2025,5,-0.032328363724681085,0.0075407786821255485,0.6,-0.16978243466872356
10,-1.5,5,2026,1,0.11200791478136041,0.11200791478136041,1.0,0.11200791478136041
10,-1.25,1,2021,12,0.008184926044064391,0.017083080266759976,0.6666666666666666,0.08503421337998973
10,-1.25,1,2022,7,0.007136699697190282,0.012609755649245269,0.5714285714285714,0.048549269561073194
10,-1.25,1,2023,7,-0.001852993486235783,0.009510323462719628,0.5714285714285714,-0.015159447901871292
10,-1.25,1,2024,11,-0.0016678669946930528,0.003257956048948518,0.6363636363636364,-0.025873054680041085
10,-1.25,1,2025,7,0.011909962234897311,0.013542740103652084,0.7142857142857143,0.08094589632594174
10,-1.25,1,2026,2,0.08217743072967065,0.08217743072967065,1.0,0.16466152206248608
10,-1.25,2,2021,12,-0.0013718966689884964,0.005447698781266941,0.5833333333333334,-0.03541430764410358
10,-1.25,2,2022,7,0.01812263907140161,0.017284400329151683,0.5714285714285714,0.10755499168547167
10,-1.25,2,2023,7,-0.007086967870106209,0.0027253986058513036,0.5714285714285714,-0.060894236155652925
10,-1.25,2,2024,11,-0.0007644291308658694,0.002581541056415393,0.5454545454545454,-0.03220406354060745
10,-1.25,2,2025,7,0.01943589878431792,0.01588741050611464,0.7142857142857143,0.13638122882344428
10,-1.25,2,2026,2,0.08679355406997896,0.08679355406997896,0.5,0.16391915315498684
10,-1.25,3,2021,12,0.010925250438128337,0.005066524589722898,0.5833333333333334,0.11848689309846838
10,-1.25,3,2022,7,0.01664200820956347,0.0775970524509546,0.5714285714285714,0.06850795072606175
10,-1.25,3,2023,7,-0.0012216911030195224,0.010323086295498385,0.5714285714285714,-0.019144967852367967
10,-1.25,3,2024,11,0.014159238334328668,-0.00991126333336223,0.45454545454545453,0.1303050304714457
10,-1.25,3,2025,7,-0.013402174995807268,0.015242492850311873,0.5714285714285714,-0.10607961710329072
10,-1.25,3,2026,2,0.13510874581540866,0.13510874581540866,0.5,0.210565770608921
10,-1.25,5,2021,12,0.038817900721907876,0.04718289849008228,0.6666666666666666,0.5451577408487334
10,-1.25,5,2022,7,-0.045920589035495944,-0.12061303069572438,0.42857142857142855,-0.33788877073460055
10,-1.25,5,2023,7,0.01049295134778234,-0.02156666941016483,0.2857142857142857,0.04188893037305874
10,-1.25,5,2024,11,0.022603004094936954,0.06668737632676192,0.7272727272727273,0.13818704868648957
10,-1.25,5,2025,7,-0.005232753022892944,0.0075407786821255485,0.5714285714285714,-0.05284730040306329
10,-1.25,5,2026,2,0.16284936601779643,0.16284936601779643,1.0,0.34963379488416413
20,-2.0,1,2021,2,0.04475407711420093,0.04475407711420093,0.5,0.0879692283621023
20,-2.0,1,2022,1,-0.029720238731093418,-0.029720238731093418,0.0,-0.029720238731093418
20,-2.0,1,2023,1,-0.02031668787148988,-0.02031668787148988,0.0,-0.02031668787148988
20,-2.0,1,2024,2,0.018406791459662286,0.018406791459662286,1.0,0.036901101240268463
20,-2.0,1,2025,1,0.014642122620083686,0.014642122620083686,1.0,0.014642122620083686
20,-2.0,2,2021,2,-0.015271411552542358,-0.015271411552542358,0.5,-0.030610066228302313
20,-2.0,2,2022,1,-0.06711311424653765,-0.06711311424653765,0.0,-0.06711311424653765
20,-2.0,2,2023,1,-0.007859840463327217,-0.007859840463327217,0.0,-0.007859840463327217
20,-2.0,2,2024,2,0.013966312392911295,0.013966312392911295,0.5,0.027397559488694823
20,-2.0,2,2025,1,-0.00483899485989836,-0.00483899485989836,0.0,-0.00483899485989836
20,-2.0,3,2021,2,0.01768917214854482,0.01768917214854482,1.0,0.03560978107678747
20,-2.0,3,2022,1,-0.09483534433604002,-0.09483534433604002,0.0,-0.09483534433604002
20,-2.0,3,2023,1,0.04269973024805607,0.04269973024805607,1.0,0.04269973024805607
20,-2.0,3,2024,2,0.017257280074889803,0.017257280074889803,1.0,0.03480224519479602
20,-2.0,3,2025,1,-0.02634941315589845,-0.02634941315589845,0.0,-0.02634941315589845
20,-2.0,5,2021,2,-0.0021962854893091133,-0.0021962854893091133,0.5,-0.009532906510110073
20,-2.0,5,2022,1,-0.17091042196940187,-0.17091042196940187,0.0,-0.17091042196940187
20,-2.0,5,2023,1,0.05149253475111659,0.05149253475111659,1.0,0.05149253475111659
20,-2.0,5,2024,2,0.1212074389832809,0.1212074389832809,1.0,0.2539366300360131
20,-2.0,5,2025,1,0.043457930933499034,0.043457930933499034,1.0,0.043457930933499034
20,-1.75,1,2021,5,0.03054964009526946,0.03590413647636126,0.8,0.1548930823705954
20,-1.75,1,2022,2,-0.008555241540924075,-0.008555241540924075,0.5,-0.017485248030084444
20,-1.75,1,2023,1,-0.02031668787148988,-0.02031668787148988,0.0,-0.02031668787148988
20,-1.75,1,2024,4,0.036862613359217755,0.044733167735171664,1.0,0.15479363274516267
20,-1.75,1,2025,2,-0.0008173039276170302,-0.0008173039276170302,0.5,-0.0020331940599291887
20,-1.75,2,2021,5,0.0022742398232735717,0.0016569933313175245,0.6,0.0002185463944801569
20,-1.75,2,2022,2,-0.024914356958692985,-0.024914356958692985,0.5,-0.05098872385135922
20,-1.75,2,2023,1,-0.007859840463327217,-0.007859840463327217,0.0,-0.007859840463327217
20,-1.75,2,2024,4,0.04561549432549475,0.02428018180878533,0.75,0.18730406752521267
20,-1.75,2,2025,2,0.032556428053483244,0.032556428053483244,1.0,0.06552018989676678
20,-1.75,3,2021,5,0.0713033042775006,0.10548556011770738,0.8,0.380846585221549
20,-1.75,3,2022,2,0.01702606336732765,0.01702606336732765,0.5,0.021829039035064612
20,-1.75,3,2023,1,0.04269973024805607,0.04269973024805607,1.0,0.04269973024805607
20,-1.75,3,2024,4,0.017849679095420096,0.017257280074889803,0.75,0.0458243560847762
20,-1.75,3,2025,2,0.02044027134295301,0.02044027134295301,1.0,0.04099745004091604
20,-1.75,5,2021,5,0.11368323684525168,0.1705220535636809,0.8,0.6906480927339069
20,-1.75,5,2022,2,-0.14576172633256312,-0.14576172633256312,0.0,-0.27090942869391155
20,-1.75,5,2023,1,0.05149253475111659,0.05149253475111659,1.0,0.05149253475111659
20,-1.75,5,2024,4,0.05728404665391501,0.10787074068966107,0.75,0.2062470095275699
20,-1.75,5,2025,2,0.10227559544084774,0.10227559544084774,1.0,0.21306020074257015
20,-1.5,1,2021,5,0.03054964009526946,0.03590413647636126,0.8,0.1548930823705954
20,-1.5,1,2022,2,-0.008555241540924075,-0.008555241540924075,0.5,-0.017485248030084444
20,-1.5,1,2023,2,-0.021059552579840823,-0.021059552579840823,0.0,-0.04167615225279353
20,-1.5,1,2024,6,-0.007614679581841292,-0.015871119646438336,0.5,-0.05211728777687186
20,-1.5,1,2025,2,0.011722699556617755,0.011722699556617755,1.0,0.023527447218786968
20,-1.5,2,2021,5,0.0022742398232735717,0.0016569933313175245,0.6,0.0002185463944801569
20,-1.5,2,2022,2,-0.024914356958692985,-0.024914356958692985,0.5,-0.05098872385135922
20,-1.5,2,2023,2,0.02937514331203417,0.02937514331203417,0.5,0.058226741651919545
20,-1.5,2,2024,6,-0.03025811184761616,-0.03596426875770864,0.3333333333333333,-0.19141252538234144
20,-1.5,2,2025,2,0.05233234477149229,0.05233234477149229,1.0,0.10737007245273023
20,-1.5,3,2021,5,0.0713033042775006,0.10548556011770738,0.8,0.380846585221549
20,-1.5,3,2022,2,0.01702606336732765,0.01702606336732765,0.5,0.021829039035064612
20,-1.5,3,2023,2,0.02742389009221713,0.02742389009221713,1.0,0.05536649863975751
20,-1.5,3,2024,6,-0.0340439895535827,-0.06096322286212569,0.3333333333333333,-0.21877902921952908
20,-1.5,3,2025,2,0.05703574210619122,0.05703574210619122,1.0,0.11695403308132812
20,-1.5,5,2021,5,0.11368323684525168,0.1705220535636809,0.8,0.6906480927339069
20,-1.5,5,2022,2,-0.14576172633256312,-0.14576172633256312,0.0,-0.27090942869391155
20,-1.5,5,2023,2,0.04384440609949569,0.04384440609949569,1.0,0.08955265027333703
20,-1.5,5,2024,6,-0.07422614167125556,-0.13949589454904165,0.3333333333333333,-0.4334879587202495
20,-1.5,5,2025,2,0.11512608686967263,0.11512608686967263,1.0,0.24025446762542946
20,-1.25,1,2021,6,0.028970285167629933,0.03520063035758836,0.6666666666666666,0.17369371712157355
20,-1.25,1,2022,3,-0.0035102030386822505,0.006579873965801397,0.6666666666666666,-0.011020424792581918
20,-1.25,1,2023,4,0.01062896335854871,0.00201635639921649,0.5,0.04114813399685868
20,-1.25,1,2024,7,-0.012236179915287106,-0.010367622524128595,0.42857142857142855,-0.08825059919198963
20,-1.25,1,2025,2,0.0521443662001575,0.0521443662001575,1.0,0.10592006555117472
20,-1.25,2,2021,6,-0.01798504828846444,-0.025475782657992108,0.3333333333333333,-0.11190881477533565
20,-1.25,2,2022,3,-0.038830200102798286,-0.0666618863910089,0.3333333333333333,-0.11425160572576631
20,-1.25,2,2023,4,0.010430667908603974,0.03846660669144697,0.75,0.03107169467584847
20,-1.25,2,2024,7,-0.024047991599597807,-0.013054479212520786,0.42857142857142855,-0.18077146500405294
20,-1.25,2,2025,2,0.043410257233803984,0.043410257233803984,1.0,0.08848911128513737
20,-1.25,3,2021,6,0.027913267048065515,0.005066524589722898,0.6666666666666666,0.15219289929918745
20,-1.25,3,2022,3,-0.03066502763300738,-0.09483534433604002,0.3333333333333333,-0.10696966005796749
20,-1.25,3,2023,4,-0.013321374456405494,0.011235568115938288,0.75,-0.05700412109602038
20,-1.25,3,2024,7,0.006003160872005665,0.020224592620532222,0.5714285714285714,0.007646669352854074
20,-1.25,3,2025,2,-0.0015128585721123078,-0.0015128585721123078,0.5,-0.004567880876091279
20,-1.25,5,2021,6,0.08435792705375761,0.07637292922718253,0.8333333333333334,0.6037198030173467
20,-1.25,5,2022,3,-0.1222544385361118,-0.12061303069572438,0.0,-0.3257661033521677
20,-1.25,5,2023,4,0.004401969745068901,0.010273782717036162,0.5,0.015780180142756173
20,-1.25,5,2024,7,-0.029007862377272233,-0.018448754857296024,0.42857142857142855,-0.2704796327822433
20,-1.25,5,2025,2,-0.0407804597584035,-0.0407804597584035,0.5,-0.08967565693608281
