Date,current_ma50,ma20_plus_ma50,ma50_plus_positive_5d
2021-01-04,10000.0,10000.0,10000
2021-01-05,10000.0,10000.0,10000
2021-01-06,10000.0,10000.0,10000
2021-01-07,10000.0,10000.0,10000
2021-01-08,10000.0,10000.0,10000
2021-01-11,10000.0,10000.0,10000
2021-01-12,10000.0,10000.0,10000
2021-01-13,10000.0,10000.0,10000
2021-01-14,10000.0,10000.0,10000
2021-01-15,10000.0,10000.0,10000
2021-01-19,10000.0,10000.0,10000
2021-01-20,10000.0,10000.0,10000
2021-01-21,10000.0,10000.0,10000
2021-01-22,10000.0,10000.0,10000
2021-01-25,10000.0,10000.0,10000
2021-01-26,10000.0,10000.0,10000
2021-01-27,10000.0,10000.0,10000
2021-01-28,10000.0,10000.0,10000
2021-01-29,10000.0,10000.0,10000
2021-02-01,10000.0,10000.0,10000
2021-02-02,10000.0,10000.0,10000
2021-02-03,10000.0,10000.0,10000
2021-02-04,10000.0,10000.0,10000
2021-02-05,10000.0,10000.0,10000
2021-02-08,10000.0,10000.0,10000
2021-02-09,10000.0,10000.0,10000
2021-02-10,10000.0,10000.0,10000
2021-02-11,10000.0,10000.0,10000
2021-02-12,10000.0,10000.0,10000
2021-02-16,10000.0,10000.0,10000
2021-02-17,10000.0,10000.0,10000
2021-02-18,10000.0,10000.0,10000
2021-02-19,10000.0,10000.0,10000
2021-02-22,10000.0,10000.0,10000
2021-02-23,10000.0,10000.0,10000
2021-02-24,10000.0,10000.0,10000
2021-02-25,10000.0,10000.0,10000
2021-02-26,10000.0,10000.0,10000
2021-03-01,10000.0,10000.0,10000
2021-03-02,10000.0,10000.0,10000
2021-03-03,10000.0,10000.0,10000
2021-03-04,10000.0,10000.0,10000
2021-03-05,10000.0,10000.0,10000
2021-03-08,10000.0,10000.0,10000
2021-03-09,10000.0,10000.0,10000
2021-03-10,10000.0,10000.0,10000
2021-03-11,10000.0,10000.0,10000
2021-03-12,10000.0,10000.0,10000
2021-03-15,10000.0,10000.0,10000
2021-03-16,10000.0,10000.0,10000
2021-03-17,10000.0,10000.0,10000
2021-03-18,10000.0,10000.0,10000
2021-03-19,10000.0,10000.0,10000
2021-03-22,10000.0,10000.0,10000
2021-03-23,10000.0,10000.0,10000
2021-03-24,10000.0,10000.0,10000
2021-03-25,10000.0,10000.0,10000
2021-03-26,10000.0,10000.0,10000
2021-03-29,10000.0,10000.0,10000
2021-03-30,10000.0,10000.0,10000
2021-03-31,10000.0,10000.0,10000
2021-04-01,10000.0,10000.0,10000
2021-04-05,10000.0,10000.0,10000
2021-04-06,10000.0,10000.0,10000
2021-04-07,10000.0,10000.0,10000
2021-04-08,10000.0,10000.0,10000
2021-04-09,10000.0,10000.0,10000
2021-04-12,10000.0,10000.0,10000
2021-04-13,10000.0,10000.0,10000
2021-04-14,10000.0,10000.0,10000
2021-04-15,10000.0,10000.0,10000
2021-04-16,10000.0,10000.0,10000
2021-04-19,10000.0,10000.0,10000
2021-04-20,10000.0,10000.0,10000
2021-04-21,10000.0,10000.0,10000
2021-04-22,10000.0,10000.0,10000
2021-04-23,10000.0,10000.0,10000
2021-04-26,10000.0,10000.0,10000
2021-04-27,10000.0,10000.0,10000
2021-04-28,10000.0,10000.0,10000
2021-04-29,10000.0,10000.0,10000
2021-04-30,10000.0,10000.0,10000
2021-05-03,9431.183730885432,9431.183730885432,10000
2021-05-04,8791.2,8791.2,10000
2021-05-05,8791.2,8791.2,10000
2021-05-06,8791.2,8791.2,10000
2021-05-07,8791.2,8791.2,10000
2021-05-10,8791.2,8791.2,10000
2021-05-11,9717.554427410321,8791.2,10000
2021-05-12,8513.073026259628,8791.2,10000
2021-05-13,8876.231295412352,8791.2,10000
2021-05-14,9663.080062331392,8791.2,10000
2021-05-17,9402.482206380337,8791.2,10000
2021-05-18,9402.482206380335,8791.2,10000
2021-05-19,9402.482206380335,8791.2,10000
2021-05-20,9402.482206380335,8791.2,10000
2021-05-21,9402.482206380335,8791.2,10000
2021-05-24,9402.482206380335,8791.2,10000
2021-05-25,9402.482206380335,8791.2,10000
2021-05-26,9402.482206380335,8791.2,10000
2021-05-27,9402.482206380335,8791.2,10000
2021-05-28,9402.482206380335,8791.2,10000
2021-06-01,9402.482206380335,8791.2,10000
2021-06-02,9402.482206380335,8791.2,10000
2021-06-03,9402.482206380335,8791.2,10000
2021-06-04,9402.482206380335,8791.2,10000
2021-06-07,9402.482206380335,8791.2,10000
2021-06-08,9402.482206380335,8791.2,10000
2021-06-09,9402.482206380335,8791.2,10000
2021-06-10,9402.482206380335,8791.2,10000
2021-06-11,9402.482206380335,8791.2,10000
2021-06-14,9402.482206380335,8791.2,10000
2021-06-15,9402.482206380335,8791.2,10000
2021-06-16,9402.482206380335,8791.2,10000
2021-06-17,9402.482206380335,8791.2,10000
2021-06-18,9402.482206380335,8791.2,10000
2021-06-21,9402.482206380335,8791.2,10000
2021-06-22,9402.482206380335,8791.2,10000
2021-06-23,9402.482206380335,8791.2,10000
2021-06-24,9402.482206380335,8791.2,10000
2021-06-25,9402.482206380335,8791.2,10000
2021-06-28,9402.482206380335,8791.2,10000
2021-06-29,9402.482206380335,8791.2,10000
2021-06-30,9402.482206380335,8791.2,10000
2021-07-01,9402.482206380335,8791.2,10000
2021-07-02,9402.482206380335,8791.2,10000
2021-07-06,9402.482206380335,8791.2,10000
2021-07-07,9402.482206380335,8791.2,10000
2021-07-08,9402.482206380335,8791.2,10000
2021-07-09,9402.482206380335,8791.2,10000
2021-07-12,9402.482206380335,8791.2,10000
2021-07-13,9402.482206380335,8791.2,10000
2021-07-14,9402.482206380335,8791.2,10000
2021-07-15,9402.482206380335,8791.2,10000
2021-07-16,9402.482206380335,8791.2,10000
2021-07-19,9827.929949190057,9188.988170665274,10000
2021-07-20,10228.092782165815,9563.135275657327,10000
2021-07-21,11164.462273213328,10438.628713348808,10000
2021-07-22,10868.34911924857,10161.766720739184,10000
2021-07-23,11073.348420523644,10353.438432294937,10000
2021-07-26,11073.348420523644,10353.438432294937,10000
2021-07-27,11073.348420523644,10353.438432294937,10000
2021-07-28,11073.348420523644,10353.438432294937,10000
2021-07-29,11073.348420523644,10353.438432294937,10000
2021-07-30,11073.348420523644,10353.438432294937,10000
2021-08-02,11073.348420523644,10353.438432294937,10000
2021-08-03,11073.348420523644,10353.438432294937,10000
2021-08-04,11073.348420523644,10353.438432294937,10000
2021-08-05,11073.348420523644,10353.438432294937,10000
2021-08-06,11073.348420523644,10353.438432294937,10000
2021-08-09,11073.348420523644,10353.438432294937,10000
2021-08-10,11073.348420523644,10353.438432294937,10000
2021-08-11,11073.348420523644,10353.438432294937,10000
2021-08-12,11073.348420523644,10353.438432294937,10000
2021-08-13,11073.348420523644,10353.438432294937,10000
2021-08-16,11073.348420523644,10353.438432294937,10000
2021-08-17,11073.348420523644,10353.438432294937,10000
2021-08-18,11073.348420523644,10353.438432294937,10000
2021-08-19,11482.40984330773,10353.438432294937,10000
2021-08-20,11714.20185281652,10353.438432294937,10000
2021-08-23,12658.756712413735,10353.438432294937,10000
2021-08-24,12670.34602808342,10353.438432294937,10000
2021-08-25,12961.59981899764,10353.438432294937,10000
2021-08-26,12961.599818997638,10353.438432294937,10000
2021-08-27,12961.599818997638,10353.438432294937,10000
2021-08-30,12961.599818997638,10353.438432294937,10000
2021-08-31,12961.599818997638,10353.438432294937,10000
2021-09-01,12961.599818997638,10353.438432294937,10000
2021-09-02,12961.599818997638,10353.438432294937,10000
2021-09-03,12961.599818997638,10353.438432294937,10000
2021-09-07,12961.599818997638,10353.438432294937,10000
2021-09-08,12961.599818997638,10353.438432294937,10000
2021-09-09,12961.599818997638,10353.438432294937,10000
2021-09-10,12961.599818997638,10353.438432294937,10000
2021-09-13,12961.599818997638,10353.438432294937,10000
2021-09-14,12961.599818997638,10353.438432294937,10000
2021-09-15,12961.599818997638,10353.438432294937,10000
2021-09-16,12961.599818997638,10353.438432294937,10000
2021-09-17,12961.599818997638,10353.438432294937,10000
2021-09-20,12961.599818997638,10353.438432294937,10000
2021-09-21,12961.599818997638,10353.438432294937,10000
2021-09-22,12961.599818997638,10353.438432294937,10000
2021-09-23,12961.599818997638,10353.438432294937,10000
2021-09-24,12961.599818997638,10353.438432294937,10000
2021-09-27,12961.599818997638,10353.438432294937,10000
2021-09-28,12961.599818997638,10353.438432294937,10000
2021-09-29,12961.599818997638,10353.438432294937,10000
2021-09-30,12961.599818997638,10353.438432294937,10000
2021-10-01,12961.599818997638,10353.438432294937,10000
2021-10-04,12961.599818997638,10353.438432294937,10000
2021-10-05,12961.599818997638,10353.438432294937,10000
2021-10-06,12961.599818997638,10353.438432294937,10000
2021-10-07,12961.599818997638,10353.438432294937,10000
2021-10-08,12961.599818997638,10353.438432294937,10000
2021-10-11,12961.599818997638,10353.438432294937,10000
2021-10-12,12961.599818997638,10353.438432294937,10000
2021-10-13,12961.599818997638,10353.438432294937,10000
2021-10-14,12961.599818997638,10353.438432294937,10000
2021-10-15,12961.599818997638,10353.438432294937,10000
2021-10-18,12961.599818997638,10353.438432294937,10000
2021-10-19,12961.599818997638,10353.438432294937,10000
2021-10-20,12961.599818997638,10353.438432294937,10000
2021-10-21,12961.599818997638,10353.438432294937,10000
2021-10-22,12961.599818997638,10353.438432294937,10000
2021-10-25,12961.599818997638,10353.438432294937,10000
2021-10-26,12961.599818997638,10353.438432294937,10000
2021-10-27,12961.599818997638,10353.438432294937,10000
2021-10-28,12961.599818997638,10353.438432294937,10000
2021-10-29,12961.599818997638,10353.438432294937,10000
2021-11-01,12961.599818997638,10353.438432294937,10000
2021-11-02,12961.599818997638,10353.438432294937,10000
2021-11-03,12961.599818997638,10353.438432294937,10000
2021-11-04,12961.599818997638,10353.438432294937,10000
2021-11-05,12961.599818997638,10353.438432294937,10000
2021-11-08,12961.599818997638,10353.438432294937,10000
2021-11-09,12961.599818997638,10353.438432294937,10000
2021-11-10,12961.599818997638,10353.438432294937,10000
2021-11-11,12961.599818997638,10353.438432294937,10000
2021-11-12,12961.599818997638,10353.438432294937,10000
2021-11-15,12961.599818997638,10353.438432294937,10000
2021-11-16,12961.599818997638,10353.438432294937,10000
2021-11-17,12961.599818997638,10353.438432294937,10000
2021-11-18,12961.599818997638,10353.438432294937,10000
2021-11-19,12961.599818997638,10353.438432294937,10000
2021-11-22,12961.599818997638,10353.438432294937,10000
2021-11-23,12961.599818997638,10353.438432294937,10000
2021-11-24,12961.599818997638,10353.438432294937,10000
2021-11-26,12961.599818997638,10353.438432294937,10000
2021-11-29,12961.599818997638,10353.438432294937,10000
2021-11-30,12961.599818997638,10353.438432294937,10000
2021-12-01,12961.599818997638,10353.438432294937,10000
2021-12-02,12961.599818997638,10353.438432294937,10000
2021-12-03,12961.599818997638,10353.438432294937,10000
2021-12-06,12961.599818997638,10353.438432294937,10000
2021-12-07,12961.599818997638,10353.438432294937,10000
2021-12-08,12961.599818997638,10353.438432294937,10000
2021-12-09,12961.599818997638,10353.438432294937,10000
2021-12-10,12961.599818997638,10353.438432294937,10000
2021-12-13,12961.599818997638,10353.438432294937,10000
2021-12-14,12961.599818997638,10353.438432294937,10000
2021-12-15,12961.599818997638,10353.438432294937,10000
2021-12-16,12961.599818997638,10353.438432294937,10000
2021-12-17,13314.483065377965,10353.438432294937,10000
2021-12-20,12996.075776651962,10353.438432294937,10000
2021-12-21,14343.207510090338,10353.438432294937,10000
2021-12-22,14767.854446647922,10353.438432294937,10000
2021-12-23,15211.16190160745,10353.438432294937,10000
2021-12-27,15211.16190160745,10353.438432294937,10000
2021-12-28,15211.16190160745,10353.438432294937,10000
2021-12-29,15211.16190160745,10353.438432294937,10000
2021-12-30,15211.16190160745,10353.438432294937,10000
2021-12-31,15211.16190160745,10353.438432294937,10000
2022-01-03,15211.16190160745,10353.438432294937,10000
2022-01-04,15211.16190160745,10353.438432294937,10000
2022-01-05,15211.16190160745,10353.438432294937,10000
2022-01-06,15211.16190160745,10353.438432294937,10000
2022-01-07,15211.16190160745,10353.438432294937,10000
2022-01-10,15211.16190160745,10353.438432294937,10000
2022-01-11,15211.16190160745,10353.438432294937,10000
2022-01-12,15211.16190160745,10353.438432294937,10000
2022-01-13,15211.16190160745,10353.438432294937,10000
2022-01-14,15211.16190160745,10353.438432294937,10000
2022-01-18,15211.16190160745,10353.438432294937,10000
2022-01-19,15211.16190160745,10353.438432294937,10000
2022-01-20,15211.16190160745,10353.438432294937,10000
2022-01-21,15211.16190160745,10353.438432294937,10000
2022-01-24,15211.16190160745,10353.438432294937,10000
2022-01-25,15211.16190160745,10353.438432294937,10000
2022-01-26,15211.16190160745,10353.438432294937,10000
2022-01-27,15211.16190160745,10353.438432294937,10000
2022-01-28,15211.16190160745,10353.438432294937,10000
2022-01-31,15211.16190160745,10353.438432294937,10000
2022-02-01,15211.16190160745,10353.438432294937,10000
2022-02-02,15211.16190160745,10353.438432294937,10000
2022-02-03,15211.16190160745,10353.438432294937,10000
2022-02-04,15211.16190160745,10353.438432294937,10000
2022-02-07,15211.16190160745,10353.438432294937,10000
2022-02-08,15211.16190160745,10353.438432294937,10000
2022-02-09,15211.16190160745,10353.438432294937,10000
2022-02-10,15211.16190160745,10353.438432294937,10000
2022-02-11,15211.16190160745,10353.438432294937,10000
2022-02-14,15211.16190160745,10353.438432294937,10000
2022-02-15,15211.16190160745,10353.438432294937,10000
2022-02-16,15211.16190160745,10353.438432294937,10000
2022-02-17,15211.16190160745,10353.438432294937,10000
2022-02-18,15211.16190160745,10353.438432294937,10000
2022-02-22,15211.16190160745,10353.438432294937,10000
2022-02-23,15211.16190160745,10353.438432294937,10000
2022-02-24,15211.16190160745,10353.438432294937,10000
2022-02-25,15211.16190160745,10353.438432294937,10000
2022-02-28,15211.16190160745,10353.438432294937,10000
2022-03-01,15211.16190160745,10353.438432294937,10000
2022-03-02,15211.16190160745,10353.438432294937,10000
2022-03-03,15211.16190160745,10353.438432294937,10000
2022-03-04,15211.16190160745,10353.438432294937,10000
2022-03-07,15211.16190160745,10353.438432294937,10000
2022-03-08,15211.16190160745,10353.438432294937,10000
2022-03-09,15211.16190160745,10353.438432294937,10000
2022-03-10,15211.16190160745,10353.438432294937,10000
2022-03-11,15211.16190160745,10353.438432294937,10000
2022-03-14,15211.16190160745,10353.438432294937,10000
2022-03-15,15211.16190160745,10353.438432294937,10000
2022-03-16,15211.16190160745,10353.438432294937,10000
2022-03-17,15211.16190160745,10353.438432294937,10000
2022-03-18,15211.16190160745,10353.438432294937,10000
2022-03-21,15211.16190160745,10353.438432294937,10000
2022-03-22,15211.16190160745,10353.438432294937,10000
2022-03-23,15211.16190160745,10353.438432294937,10000
2022-03-24,15211.16190160745,10353.438432294937,10000
2022-03-25,15211.16190160745,10353.438432294937,10000
2022-03-28,15211.16190160745,10353.438432294937,10000
2022-03-29,15211.16190160745,10353.438432294937,10000
2022-03-30,15211.16190160745,10353.438432294937,10000
2022-03-31,15211.16190160745,10353.438432294937,10000
2022-04-01,15211.16190160745,10353.438432294937,10000
2022-04-04,15211.16190160745,10353.438432294937,10000
2022-04-05,15211.16190160745,10353.438432294937,10000
2022-04-06,15211.16190160745,10353.438432294937,10000
2022-04-07,15211.16190160745,10353.438432294937,10000
2022-04-08,15211.16190160745,10353.438432294937,10000
2022-04-11,15211.16190160745,10353.438432294937,10000
2022-04-12,15211.16190160745,10353.438432294937,10000
2022-04-13,15211.16190160745,10353.438432294937,10000
2022-04-14,15211.16190160745,10353.438432294937,10000
2022-04-18,15211.16190160745,10353.438432294937,10000
2022-04-19,15211.16190160745,10353.438432294937,10000
2022-04-20,15211.16190160745,10353.438432294937,10000
2022-04-21,15211.16190160745,10353.438432294937,10000
2022-04-22,15211.16190160745,10353.438432294937,10000
2022-04-25,15211.16190160745,10353.438432294937,10000
2022-04-26,15211.16190160745,10353.438432294937,10000
2022-04-27,15211.16190160745,10353.438432294937,10000
2022-04-28,15211.16190160745,10353.438432294937,10000
2022-04-29,15211.16190160745,10353.438432294937,10000
2022-05-02,15211.16190160745,10353.438432294937,10000
2022-05-03,15211.16190160745,10353.438432294937,10000
2022-05-04,15211.16190160745,10353.438432294937,10000
2022-05-05,15211.16190160745,10353.438432294937,10000
2022-05-06,15211.16190160745,10353.438432294937,10000
2022-05-09,15211.16190160745,10353.438432294937,10000
2022-05-10,15211.16190160745,10353.438432294937,10000
2022-05-11,15211.16190160745,10353.438432294937,10000
2022-05-12,15211.16190160745,10353.438432294937,10000
2022-05-13,15211.16190160745,10353.438432294937,10000
2022-05-16,15211.16190160745,10353.438432294937,10000
2022-05-17,15211.16190160745,10353.438432294937,10000
2022-05-18,15211.16190160745,10353.438432294937,10000
2022-05-19,15211.16190160745,10353.438432294937,10000
2022-05-20,15211.16190160745,10353.438432294937,10000
2022-05-23,15211.16190160745,10353.438432294937,10000
2022-05-24,15211.16190160745,10353.438432294937,10000
2022-05-25,15211.16190160745,10353.438432294937,10000
2022-05-26,15211.16190160745,10353.438432294937,10000
2022-05-27,15211.16190160745,10353.438432294937,10000
2022-05-31,15211.16190160745,10353.438432294937,10000
2022-06-01,15211.16190160745,10353.438432294937,10000
2022-06-02,15211.16190160745,10353.438432294937,10000
2022-06-03,15211.16190160745,10353.438432294937,10000
2022-06-06,15211.16190160745,10353.438432294937,10000
2022-06-07,15211.16190160745,10353.438432294937,10000
2022-06-08,15211.16190160745,10353.438432294937,10000
2022-06-09,15211.16190160745,10353.438432294937,10000
2022-06-10,15211.16190160745,10353.438432294937,10000
2022-06-13,15211.16190160745,10353.438432294937,10000
2022-06-14,15211.16190160745,10353.438432294937,10000
2022-06-15,15211.16190160745,10353.438432294937,10000
2022-06-16,15211.16190160745,10353.438432294937,10000
2022-06-17,15211.16190160745,10353.438432294937,10000
2022-06-21,15211.16190160745,10353.438432294937,10000
2022-06-22,15211.16190160745,10353.438432294937,10000
2022-06-23,15211.16190160745,10353.438432294937,10000
2022-06-24,15211.16190160745,10353.438432294937,10000
2022-06-27,15211.16190160745,10353.438432294937,10000
2022-06-28,15211.16190160745,10353.438432294937,10000
2022-06-29,15211.16190160745,10353.438432294937,10000
2022-06-30,15211.16190160745,10353.438432294937,10000
2022-07-01,15211.16190160745,10353.438432294937,10000
2022-07-05,15211.16190160745,10353.438432294937,10000
2022-07-06,15211.16190160745,10353.438432294937,10000
2022-07-07,15211.16190160745,10353.438432294937,10000
2022-07-08,15211.16190160745,10353.438432294937,10000
2022-07-11,15211.16190160745,10353.438432294937,10000
2022-07-12,15211.16190160745,10353.438432294937,10000
2022-07-13,15211.16190160745,10353.438432294937,10000
2022-07-14,15211.16190160745,10353.438432294937,10000
2022-07-15,15211.16190160745,10353.438432294937,10000
2022-07-18,15211.16190160745,10353.438432294937,10000
2022-07-19,15211.16190160745,10353.438432294937,10000
2022-07-20,15211.16190160745,10353.438432294937,10000
2022-07-21,15211.16190160745,10353.438432294937,10000
2022-07-22,15211.16190160745,10353.438432294937,10000
2022-07-25,15211.16190160745,10353.438432294937,10000
2022-07-26,15211.16190160745,10353.438432294937,10000
2022-07-27,15211.16190160745,10353.438432294937,10000
2022-07-28,15211.16190160745,10353.438432294937,10000
2022-07-29,15211.16190160745,10353.438432294937,10000
2022-08-01,15211.16190160745,10353.438432294937,10000
2022-08-02,15211.16190160745,10353.438432294937,10000
2022-08-03,15211.16190160745,10353.438432294937,10000
2022-08-04,15211.16190160745,10353.438432294937,10000
2022-08-05,15211.16190160745,10353.438432294937,10000
2022-08-08,15211.16190160745,10353.438432294937,10000
2022-08-09,15211.16190160745,10353.438432294937,10000
2022-08-10,15211.16190160745,10353.438432294937,10000
2022-08-11,15211.16190160745,10353.438432294937,10000
2022-08-12,15211.16190160745,10353.438432294937,10000
2022-08-15,15211.16190160745,10353.438432294937,10000
2022-08-16,15211.16190160745,10353.438432294937,10000
2022-08-17,15211.16190160745,10353.438432294937,10000
2022-08-18,15211.16190160745,10353.438432294937,10000
2022-08-19,15211.16190160745,10353.438432294937,10000
2022-08-22,15211.16190160745,10353.438432294937,10000
2022-08-23,15418.389325653485,10353.438432294937,10000
2022-08-24,15489.562042371854,10353.438432294937,10000
2022-08-25,17188.88071622106,10353.438432294937,10000
2022-08-26,14217.303241161208,10353.438432294937,10000
2022-08-29,13372.43665094114,10353.438432294937,10000
2022-08-30,13372.43665094114,10353.438432294937,10000
2022-08-31,13372.43665094114,10353.438432294937,10000
2022-09-01,13372.43665094114,10353.438432294937,10000
2022-09-02,13372.43665094114,10353.438432294937,10000
2022-09-06,13372.43665094114,10353.438432294937,10000
2022-09-07,13372.43665094114,10353.438432294937,10000
2022-09-08,13372.43665094114,10353.438432294937,10000
2022-09-09,13372.43665094114,10353.438432294937,10000
2022-09-12,13372.43665094114,10353.438432294937,10000
2022-09-13,13372.43665094114,10353.438432294937,10000
2022-09-14,13372.43665094114,10353.438432294937,10000
2022-09-15,13372.43665094114,10353.438432294937,10000
2022-09-16,13372.43665094114,10353.438432294937,10000
2022-09-19,13372.43665094114,10353.438432294937,10000
2022-09-20,13372.43665094114,10353.438432294937,10000
2022-09-21,13372.43665094114,10353.438432294937,10000
2022-09-22,13372.43665094114,10353.438432294937,10000
2022-09-23,13372.43665094114,10353.438432294937,10000
2022-09-26,13372.43665094114,10353.438432294937,10000
2022-09-27,13372.43665094114,10353.438432294937,10000
2022-09-28,13372.43665094114,10353.438432294937,10000
2022-09-29,13372.43665094114,10353.438432294937,10000
2022-09-30,13372.43665094114,10353.438432294937,10000
2022-10-03,13372.43665094114,10353.438432294937,10000
2022-10-04,13372.43665094114,10353.438432294937,10000
2022-10-05,13372.43665094114,10353.438432294937,10000
2022-10-06,13372.43665094114,10353.438432294937,10000
2022-10-07,13372.43665094114,10353.438432294937,10000
2022-10-10,13372.43665094114,10353.438432294937,10000
2022-10-11,13372.43665094114,10353.438432294937,10000
2022-10-12,13372.43665094114,10353.438432294937,10000
2022-10-13,13372.43665094114,10353.438432294937,10000
2022-10-14,13372.43665094114,10353.438432294937,10000
2022-10-17,13372.43665094114,10353.438432294937,10000
2022-10-18,13372.43665094114,10353.438432294937,10000
2022-10-19,13372.43665094114,10353.438432294937,10000
2022-10-20,13372.43665094114,10353.438432294937,10000
2022-10-21,13372.43665094114,10353.438432294937,10000
2022-10-24,13372.43665094114,10353.438432294937,10000
2022-10-25,13372.43665094114,10353.438432294937,10000
2022-10-26,13372.43665094114,10353.438432294937,10000
2022-10-27,13372.43665094114,10353.438432294937,10000
2022-10-28,13372.43665094114,10353.438432294937,10000
2022-10-31,13372.43665094114,10353.438432294937,10000
2022-11-01,13372.43665094114,10353.438432294937,10000
2022-11-02,13372.43665094114,10353.438432294937,10000
2022-11-03,13372.43665094114,10353.438432294937,10000
2022-11-04,13372.43665094114,10353.438432294937,10000
2022-11-07,13372.43665094114,10353.438432294937,10000
2022-11-08,13372.43665094114,10353.438432294937,10000
2022-11-09,13372.43665094114,10353.438432294937,10000
2022-11-10,13372.43665094114,10353.438432294937,10000
2022-11-11,13372.43665094114,10353.438432294937,10000
2022-11-14,13372.43665094114,10353.438432294937,10000
2022-11-15,13372.43665094114,10353.438432294937,10000
2022-11-16,13372.43665094114,10353.438432294937,10000
2022-11-17,13372.43665094114,10353.438432294937,10000
2022-11-18,13372.43665094114,10353.438432294937,10000
2022-11-21,13372.43665094114,10353.438432294937,10000
2022-11-22,13372.43665094114,10353.438432294937,10000
2022-11-23,13372.43665094114,10353.438432294937,10000
2022-11-25,13372.43665094114,10353.438432294937,10000
2022-11-28,13372.43665094114,10353.438432294937,10000
2022-11-29,13372.43665094114,10353.438432294937,10000
2022-11-30,13372.43665094114,10353.438432294937,10000
2022-12-01,13372.43665094114,10353.438432294937,10000
2022-12-02,13372.43665094114,10353.438432294937,10000
2022-12-05,13372.43665094114,10353.438432294937,10000
2022-12-06,13372.43665094114,10353.438432294937,10000
2022-12-07,13372.43665094114,10353.438432294937,10000
2022-12-08,13372.43665094114,10353.438432294937,10000
2022-12-09,13372.43665094114,10353.438432294937,10000
2022-12-12,13372.43665094114,10353.438432294937,10000
2022-12-13,13372.43665094114,10353.438432294937,10000
2022-12-14,13372.43665094114,10353.438432294937,10000
2022-12-15,13372.43665094114,10353.438432294937,10000
2022-12-16,13372.43665094114,10353.438432294937,10000
2022-12-19,13372.43665094114,10353.438432294937,10000
2022-12-20,13372.43665094114,10353.438432294937,10000
2022-12-21,13372.43665094114,10353.438432294937,10000
2022-12-22,13372.43665094114,10353.438432294937,10000
2022-12-23,13372.43665094114,10353.438432294937,10000
2022-12-27,13372.43665094114,10353.438432294937,10000
2022-12-28,13372.43665094114,10353.438432294937,10000
2022-12-29,13372.43665094114,10353.438432294937,10000
2022-12-30,13372.43665094114,10353.438432294937,10000
2023-01-03,13372.43665094114,10353.438432294937,10000
2023-01-04,13372.43665094114,10353.438432294937,10000
2023-01-05,13372.43665094114,10353.438432294937,10000
2023-01-06,13372.43665094114,10353.438432294937,10000
2023-01-09,13372.43665094114,10353.438432294937,10000
2023-01-10,13372.43665094114,10353.438432294937,10000
2023-01-11,13372.43665094114,10353.438432294937,10000
2023-01-12,13372.43665094114,10353.438432294937,10000
2023-01-13,13372.43665094114,10353.438432294937,10000
2023-01-17,13372.43665094114,10353.438432294937,10000
2023-01-18,13372.43665094114,10353.438432294937,10000
2023-01-19,13372.43665094114,10353.438432294937,10000
2023-01-20,13372.43665094114,10353.438432294937,10000
2023-01-23,13372.43665094114,10353.438432294937,10000
2023-01-24,13372.43665094114,10353.438432294937,10000
2023-01-25,13372.43665094114,10353.438432294937,10000
2023-01-26,13372.43665094114,10353.438432294937,10000
2023-01-27,13372.43665094114,10353.438432294937,10000
2023-01-30,13372.43665094114,10353.438432294937,10000
2023-01-31,13372.43665094114,10353.438432294937,10000
2023-02-01,13372.43665094114,10353.438432294937,10000
2023-02-02,13372.43665094114,10353.438432294937,10000
2023-02-03,13372.43665094114,10353.438432294937,10000
2023-02-06,13372.43665094114,10353.438432294937,10000
2023-02-07,13372.43665094114,10353.438432294937,10000
2023-02-08,13372.43665094114,10353.438432294937,10000
2023-02-09,13372.43665094114,10353.438432294937,10000
2023-02-10,13372.43665094114,10353.438432294937,10000
2023-02-13,13372.43665094114,10353.438432294937,10000
2023-02-14,13372.43665094114,10353.438432294937,10000
2023-02-15,13372.43665094114,10353.438432294937,10000
2023-02-16,13372.43665094114,10353.438432294937,10000
2023-02-17,13372.43665094114,10353.438432294937,10000
2023-02-21,13372.43665094114,10353.438432294937,10000
2023-02-22,13372.43665094114,10353.438432294937,10000
2023-02-23,13372.43665094114,10353.438432294937,10000
2023-02-24,13372.43665094114,10353.438432294937,10000
2023-02-27,13372.43665094114,10353.438432294937,10000
2023-02-28,13372.43665094114,10353.438432294937,10000
2023-03-01,13372.43665094114,10353.438432294937,10000
2023-03-02,13372.43665094114,10353.438432294937,10000
2023-03-03,13372.43665094114,10353.438432294937,10000
2023-03-06,13372.43665094114,10353.438432294937,10000
2023-03-07,13372.43665094114,10353.438432294937,10000
2023-03-08,13372.43665094114,10353.438432294937,10000
2023-03-09,13372.43665094114,10353.438432294937,10000
2023-03-10,13372.43665094114,10353.438432294937,10000
2023-03-13,13372.43665094114,10353.438432294937,10000
2023-03-14,13372.43665094114,10353.438432294937,10000
2023-03-15,13372.43665094114,10353.438432294937,10000
2023-03-16,13372.43665094114,10353.438432294937,10000
2023-03-17,13372.43665094114,10353.438432294937,10000
2023-03-20,13372.43665094114,10353.438432294937,10000
2023-03-21,13372.43665094114,10353.438432294937,10000
2023-03-22,13372.43665094114,10353.438432294937,10000
2023-03-23,13372.43665094114,10353.438432294937,10000
2023-03-24,13372.43665094114,10353.438432294937,10000
2023-03-27,13372.43665094114,10353.438432294937,10000
2023-03-28,13372.43665094114,10353.438432294937,10000
2023-03-29,13372.43665094114,10353.438432294937,10000
2023-03-30,13372.43665094114,10353.438432294937,10000
2023-03-31,13372.43665094114,10353.438432294937,10000
2023-04-03,13372.43665094114,10353.438432294937,10000
2023-04-04,13372.43665094114,10353.438432294937,10000
2023-04-05,13372.43665094114,10353.438432294937,10000
2023-04-06,13372.43665094114,10353.438432294937,10000
2023-04-10,13372.43665094114,10353.438432294937,10000
2023-04-11,13372.43665094114,10353.438432294937,10000
2023-04-12,13372.43665094114,10353.438432294937,10000
2023-04-13,13372.43665094114,10353.438432294937,10000
2023-04-14,13372.43665094114,10353.438432294937,10000
2023-04-17,13372.43665094114,10353.438432294937,10000
2023-04-18,13372.43665094114,10353.438432294937,10000
2023-04-19,13372.43665094114,10353.438432294937,10000
2023-04-20,13372.43665094114,10353.438432294937,10000
2023-04-21,13372.43665094114,10353.438432294937,10000
2023-04-24,13372.43665094114,10353.438432294937,10000
2023-04-25,13372.43665094114,10353.438432294937,10000
2023-04-26,13113.866896319018,10353.438432294937,10000
2023-04-27,13280.609168654952,10353.438432294937,10000
2023-04-28,13957.390557269471,10353.438432294937,10000
2023-05-01,14379.15429675234,10353.438432294937,10000
2023-05-02,14061.017240003188,10353.438432294937,10000
2023-05-03,14061.017240003188,10353.438432294937,10000
2023-05-04,14061.017240003188,10353.438432294937,10000
2023-05-05,14061.017240003188,10353.438432294937,10000
2023-05-08,14061.017240003188,10353.438432294937,10000
2023-05-09,14061.017240003188,10353.438432294937,10000
2023-05-10,14061.017240003188,10353.438432294937,10000
2023-05-11,14061.017240003188,10353.438432294937,10000
2023-05-12,14061.017240003188,10353.438432294937,10000
2023-05-15,14061.017240003188,10353.438432294937,10000
2023-05-16,14061.017240003188,10353.438432294937,10000
2023-05-17,14061.017240003188,10353.438432294937,10000
2023-05-18,14061.017240003188,10353.438432294937,10000
2023-05-19,14061.017240003188,10353.438432294937,10000
2023-05-22,14061.017240003188,10353.438432294937,10000
2023-05-23,14061.017240003188,10353.438432294937,10000
2023-05-24,14061.017240003188,10353.438432294937,10000
2023-05-25,14061.017240003188,10353.438432294937,10000
2023-05-26,14061.017240003188,10353.438432294937,10000
2023-05-30,14061.017240003188,10353.438432294937,10000
2023-05-31,14061.017240003188,10353.438432294937,10000
2023-06-01,14061.017240003188,10353.438432294937,10000
2023-06-02,14061.017240003188,10353.438432294937,10000
2023-06-05,14061.017240003188,10353.438432294937,10000
2023-06-06,14061.017240003188,10353.438432294937,10000
2023-06-07,14061.017240003188,10353.438432294937,10000
2023-06-08,14061.017240003188,10353.438432294937,10000
2023-06-09,14061.017240003188,10353.438432294937,10000
2023-06-12,14061.017240003188,10353.438432294937,10000
2023-06-13,14061.017240003188,10353.438432294937,10000
2023-06-14,14061.017240003188,10353.438432294937,10000
2023-06-15,14061.017240003188,10353.438432294937,10000
2023-06-16,14061.017240003188,10353.438432294937,10000
2023-06-20,14061.017240003188,10353.438432294937,10000
2023-06-21,14061.017240003188,10353.438432294937,10000
2023-06-22,14061.017240003188,10353.438432294937,10000
2023-06-23,14061.017240003188,10353.438432294937,10000
2023-06-26,14061.017240003188,10353.438432294937,10000
2023-06-27,14061.017240003188,10353.438432294937,10000
2023-06-28,14061.017240003188,10353.438432294937,10000
2023-06-29,14061.017240003188,10353.438432294937,10000
2023-06-30,14061.017240003188,10353.438432294937,10000
2023-07-03,14061.017240003188,10353.438432294937,10000
2023-07-05,14061.017240003188,10353.438432294937,10000
2023-07-06,14061.017240003188,10353.438432294937,10000
2023-07-07,14061.017240003188,10353.438432294937,10000
2023-07-10,14061.017240003188,10353.438432294937,10000
2023-07-11,14061.017240003188,10353.438432294937,10000
2023-07-12,14061.017240003188,10353.438432294937,10000
2023-07-13,14061.017240003188,10353.438432294937,10000
2023-07-14,14061.017240003188,10353.438432294937,10000
2023-07-17,14061.017240003188,10353.438432294937,10000
2023-07-18,14061.017240003188,10353.438432294937,10000
2023-07-19,14061.017240003188,10353.438432294937,10000
2023-07-20,14061.017240003188,10353.438432294937,10000
2023-07-21,14061.017240003188,10353.438432294937,10000
2023-07-24,14061.017240003188,10353.438432294937,10000
2023-07-25,14061.017240003188,10353.438432294937,10000
2023-07-26,14061.017240003188,10353.438432294937,10000
2023-07-27,14061.017240003188,10353.438432294937,10000
2023-07-28,14061.017240003188,10353.438432294937,10000
2023-07-31,14061.017240003188,10353.438432294937,10000
2023-08-01,14061.017240003188,10353.438432294937,10000
2023-08-02,14061.017240003188,10353.438432294937,10000
2023-08-03,14061.017240003188,10353.438432294937,10000
2023-08-04,14061.017240003188,10353.438432294937,10000
2023-08-07,14061.017240003188,10353.438432294937,10000
2023-08-08,14061.017240003188,10353.438432294937,10000
2023-08-09,14061.017240003188,10353.438432294937,10000
2023-08-10,14061.017240003188,10353.438432294937,10000
2023-08-11,14061.017240003188,10353.438432294937,10000
2023-08-14,14061.017240003188,10353.438432294937,10000
2023-08-15,14061.017240003188,10353.438432294937,10000
2023-08-16,14061.017240003188,10353.438432294937,10000
2023-08-17,14061.017240003188,10353.438432294937,10000
2023-08-18,14061.017240003188,10353.438432294937,10000
2023-08-21,14061.017240003188,10353.438432294937,10000
2023-08-22,14061.017240003188,10353.438432294937,10000
2023-08-23,14061.017240003188,10353.438432294937,10000
2023-08-24,14061.017240003188,10353.438432294937,10000
2023-08-25,14061.017240003188,10353.438432294937,10000
2023-08-28,14061.017240003188,10353.438432294937,10000
2023-08-29,14061.017240003188,10353.438432294937,10000
2023-08-30,14061.017240003188,10353.438432294937,10000
2023-08-31,14061.017240003188,10353.438432294937,10000
2023-09-01,14061.017240003188,10353.438432294937,10000
2023-09-05,14061.017240003188,10353.438432294937,10000
2023-09-06,14061.017240003188,10353.438432294937,10000
2023-09-07,14061.017240003188,10353.438432294937,10000
2023-09-08,14061.017240003188,10353.438432294937,10000
2023-09-11,14061.017240003188,10353.438432294937,10000
2023-09-12,14061.017240003188,10353.438432294937,10000
2023-09-13,14061.017240003188,10353.438432294937,10000
2023-09-14,14061.017240003188,10353.438432294937,10000
2023-09-15,14061.017240003188,10353.438432294937,10000
2023-09-18,14061.017240003188,10353.438432294937,10000
2023-09-19,14061.017240003188,10353.438432294937,10000
2023-09-20,14061.017240003188,10353.438432294937,10000
2023-09-21,14061.017240003188,10353.438432294937,10000
2023-09-22,14061.017240003188,10353.438432294937,10000
2023-09-25,14061.017240003188,10353.438432294937,10000
2023-09-26,14061.017240003188,10353.438432294937,10000
2023-09-27,14061.017240003188,10353.438432294937,10000
2023-09-28,14061.017240003188,10353.438432294937,10000
2023-09-29,14061.017240003188,10353.438432294937,10000
2023-10-02,14061.017240003188,10353.438432294937,10000
2023-10-03,14061.017240003188,10353.438432294937,10000
2023-10-04,14061.017240003188,10353.438432294937,10000
2023-10-05,14061.017240003188,10353.438432294937,10000
2023-10-06,14061.017240003188,10353.438432294937,10000
2023-10-09,14061.017240003188,10353.438432294937,10000
2023-10-10,14061.017240003188,10353.438432294937,10000
2023-10-11,14061.017240003188,10353.438432294937,10000
2023-10-12,14061.017240003188,10353.438432294937,10000
2023-10-13,14061.017240003188,10353.438432294937,10000
2023-10-16,14061.017240003188,10353.438432294937,10000
2023-10-17,14061.017240003188,10353.438432294937,10000
2023-10-18,14061.017240003188,10353.438432294937,10000
2023-10-19,14061.017240003188,10353.438432294937,10000
2023-10-20,14061.017240003188,10353.438432294937,10000
2023-10-23,14061.017240003188,10353.438432294937,10000
2023-10-24,14061.017240003188,10353.438432294937,10000
2023-10-25,14061.017240003188,10353.438432294937,10000
2023-10-26,14061.017240003188,10353.438432294937,10000
2023-10-27,14061.017240003188,10353.438432294937,10000
2023-10-30,14061.017240003188,10353.438432294937,10000
2023-10-31,14061.017240003188,10353.438432294937,10000
2023-11-01,14061.017240003188,10353.438432294937,10000
2023-11-02,14061.017240003188,10353.438432294937,10000
2023-11-03,14061.017240003188,10353.438432294937,10000
2023-11-06,14061.017240003188,10353.438432294937,10000
2023-11-07,14061.017240003188,10353.438432294937,10000
2023-11-08,14061.017240003188,10353.438432294937,10000
2023-11-09,14061.017240003188,10353.438432294937,10000
2023-11-10,14061.017240003188,10353.438432294937,10000
2023-11-13,14061.017240003188,10353.438432294937,10000
2023-11-14,14061.017240003188,10353.438432294937,10000
2023-11-15,14061.017240003188,10353.438432294937,10000
2023-11-16,14061.017240003188,10353.438432294937,10000
2023-11-17,14061.017240003188,10353.438432294937,10000
2023-11-20,14061.017240003188,10353.438432294937,10000
2023-11-21,14061.017240003188,10353.438432294937,10000
2023-11-22,14061.017240003188,10353.438432294937,10000
2023-11-24,14061.017240003188,10353.438432294937,10000
2023-11-27,14061.017240003188,10353.438432294937,10000
2023-11-28,14061.017240003188,10353.438432294937,10000
2023-11-29,14061.017240003188,10353.438432294937,10000
2023-11-30,14061.017240003188,10353.438432294937,10000
2023-12-01,14061.017240003188,10353.438432294937,10000
2023-12-04,14061.017240003188,10353.438432294937,10000
2023-12-05,14061.017240003188,10353.438432294937,10000
2023-12-06,14061.017240003188,10353.438432294937,10000
2023-12-07,14061.017240003188,10353.438432294937,10000
2023-12-08,14061.017240003188,10353.438432294937,10000
2023-12-11,14061.017240003188,10353.438432294937,10000
2023-12-12,14061.017240003188,10353.438432294937,10000
2023-12-13,14061.017240003188,10353.438432294937,10000
2023-12-14,14061.017240003188,10353.438432294937,10000
2023-12-15,14061.017240003188,10353.438432294937,10000
2023-12-18,14061.017240003188,10353.438432294937,10000
2023-12-19,14061.017240003188,10353.438432294937,10000
2023-12-20,14061.017240003188,10353.438432294937,10000
2023-12-21,14061.017240003188,10353.438432294937,10000
2023-12-22,14061.017240003188,10353.438432294937,10000
2023-12-26,14061.017240003188,10353.438432294937,10000
2023-12-27,14061.017240003188,10353.438432294937,10000
2023-12-28,14061.017240003188,10353.438432294937,10000
2023-12-29,14061.017240003188,10353.438432294937,10000
2024-01-02,14061.017240003188,10353.438432294937,10000
2024-01-03,14061.017240003188,10353.438432294937,10000
2024-01-04,14061.017240003188,10353.438432294937,10000
2024-01-05,14061.017240003188,10353.438432294937,10000
2024-01-08,14061.017240003188,10353.438432294937,10000
2024-01-09,14061.017240003188,10353.438432294937,10000
2024-01-10,14061.017240003188,10353.438432294937,10000
2024-01-11,14061.017240003188,10353.438432294937,10000
2024-01-12,14061.017240003188,10353.438432294937,10000
2024-01-16,14061.017240003188,10353.438432294937,10000
2024-01-17,14061.017240003188,10353.438432294937,10000
2024-01-18,14061.017240003188,10353.438432294937,10000
2024-01-19,14061.017240003188,10353.438432294937,10000
2024-01-22,14061.017240003188,10353.438432294937,10000
2024-01-23,14061.017240003188,10353.438432294937,10000
2024-01-24,14061.017240003188,10353.438432294937,10000
2024-01-25,14061.017240003188,10353.438432294937,10000
2024-01-26,14061.017240003188,10353.438432294937,10000
2024-01-29,14061.017240003188,10353.438432294937,10000
2024-01-30,14061.017240003188,10353.438432294937,10000
2024-01-31,14061.017240003188,10353.438432294937,10000
2024-02-01,14061.017240003188,10353.438432294937,10000
2024-02-02,14061.017240003188,10353.438432294937,10000
2024-02-05,14061.017240003188,10353.438432294937,10000
2024-02-06,14061.017240003188,10353.438432294937,10000
2024-02-07,14061.017240003188,10353.438432294937,10000
2024-02-08,14061.017240003188,10353.438432294937,10000
2024-02-09,14061.017240003188,10353.438432294937,10000
2024-02-12,14061.017240003188,10353.438432294937,10000
2024-02-13,14061.017240003188,10353.438432294937,10000
2024-02-14,14061.017240003188,10353.438432294937,10000
2024-02-15,14061.017240003188,10353.438432294937,10000
2024-02-16,14061.017240003188,10353.438432294937,10000
2024-02-20,14061.017240003188,10353.438432294937,10000
2024-02-21,14061.017240003188,10353.438432294937,10000
2024-02-22,14061.017240003188,10353.438432294937,10000
2024-02-23,14061.017240003188,10353.438432294937,10000
2024-02-26,14061.017240003188,10353.438432294937,10000
2024-02-27,14061.017240003188,10353.438432294937,10000
2024-02-28,14061.017240003188,10353.438432294937,10000
2024-02-29,14061.017240003188,10353.438432294937,10000
2024-03-01,14061.017240003188,10353.438432294937,10000
2024-03-04,14061.017240003188,10353.438432294937,10000
2024-03-05,14061.017240003188,10353.438432294937,10000
2024-03-06,14061.017240003188,10353.438432294937,10000
2024-03-07,14061.017240003188,10353.438432294937,10000
2024-03-08,14061.017240003188,10353.438432294937,10000
2024-03-11,14061.017240003188,10353.438432294937,10000
2024-03-12,14061.017240003188,10353.438432294937,10000
2024-03-13,14061.017240003188,10353.438432294937,10000
2024-03-14,14061.017240003188,10353.438432294937,10000
2024-03-15,14061.017240003188,10353.438432294937,10000
2024-03-18,14061.017240003188,10353.438432294937,10000
2024-03-19,14061.017240003188,10353.438432294937,10000
2024-03-20,14061.017240003188,10353.438432294937,10000
2024-03-21,14061.017240003188,10353.438432294937,10000
2024-03-22,14061.017240003188,10353.438432294937,10000
2024-03-25,14061.017240003188,10353.438432294937,10000
2024-03-26,14061.017240003188,10353.438432294937,10000
2024-03-27,14061.017240003188,10353.438432294937,10000
2024-03-28,14061.017240003188,10353.438432294937,10000
2024-04-01,14061.017240003188,10353.438432294937,10000
2024-04-02,14061.017240003188,10353.438432294937,10000
2024-04-03,14061.017240003188,10353.438432294937,10000
2024-04-04,14061.017240003188,10353.438432294937,10000
2024-04-05,14061.017240003188,10353.438432294937,10000
2024-04-08,14061.017240003188,10353.438432294937,10000
2024-04-09,14061.017240003188,10353.438432294937,10000
2024-04-10,14061.017240003188,10353.438432294937,10000
2024-04-11,14061.017240003188,10353.438432294937,10000
2024-04-12,14061.017240003188,10353.438432294937,10000
2024-04-15,14061.017240003188,10353.438432294937,10000
2024-04-16,14061.017240003188,10353.438432294937,10000
2024-04-17,14061.017240003188,10353.438432294937,10000
2024-04-18,14061.017240003188,10353.438432294937,10000
2024-04-19,14061.017240003188,10353.438432294937,10000
2024-04-22,14061.017240003188,10353.438432294937,10000
2024-04-23,14061.017240003188,10353.438432294937,10000
2024-04-24,14061.017240003188,10353.438432294937,10000
2024-04-25,14061.017240003188,10353.438432294937,10000
2024-04-26,14061.017240003188,10353.438432294937,10000
2024-04-29,14061.017240003188,10353.438432294937,10000
2024-04-30,14061.017240003188,10353.438432294937,10000
2024-05-01,14061.017240003188,10353.438432294937,10000
2024-05-02,14061.017240003188,10353.438432294937,10000
2024-05-03,14061.017240003188,10353.438432294937,10000
2024-05-06,14061.017240003188,10353.438432294937,10000
2024-05-07,14061.017240003188,10353.438432294937,10000
2024-05-08,14061.017240003188,10353.438432294937,10000
2024-05-09,14061.017240003188,10353.438432294937,10000
2024-05-10,14061.017240003188,10353.438432294937,10000
2024-05-13,14061.017240003188,10353.438432294937,10000
2024-05-14,14061.017240003188,10353.438432294937,10000
2024-05-15,14061.017240003188,10353.438432294937,10000
2024-05-16,14061.017240003188,10353.438432294937,10000
2024-05-17,14061.017240003188,10353.438432294937,10000
2024-05-20,14061.017240003188,10353.438432294937,10000
2024-05-21,14061.017240003188,10353.438432294937,10000
2024-05-22,14061.017240003188,10353.438432294937,10000
2024-05-23,14061.017240003188,10353.438432294937,10000
2024-05-24,14061.017240003188,10353.438432294937,10000
2024-05-28,14061.017240003188,10353.438432294937,10000
2024-05-29,14061.017240003188,10353.438432294937,10000
2024-05-30,14061.017240003188,10353.438432294937,10000
2024-05-31,14061.017240003188,10353.438432294937,10000
2024-06-03,14061.017240003188,10353.438432294937,10000
2024-06-04,14061.017240003188,10353.438432294937,10000
2024-06-05,14061.017240003188,10353.438432294937,10000
2024-06-06,14061.017240003188,10353.438432294937,10000
2024-06-07,14061.017240003188,10353.438432294937,10000
2024-06-10,14061.017240003188,10353.438432294937,10000
2024-06-11,14061.017240003188,10353.438432294937,10000
2024-06-12,14061.017240003188,10353.438432294937,10000
2024-06-13,14061.017240003188,10353.438432294937,10000
2024-06-14,14061.017240003188,10353.438432294937,10000
2024-06-17,14061.017240003188,10353.438432294937,10000
2024-06-18,14061.017240003188,10353.438432294937,10000
2024-06-20,14061.017240003188,10353.438432294937,10000
2024-06-21,14061.017240003188,10353.438432294937,10000
2024-06-24,14061.017240003188,10353.438432294937,10000
2024-06-25,14061.017240003188,10353.438432294937,10000
2024-06-26,14061.017240003188,10353.438432294937,10000
2024-06-27,14061.017240003188,10353.438432294937,10000
2024-06-28,14061.017240003188,10353.438432294937,10000
2024-07-01,14061.017240003188,10353.438432294937,10000
2024-07-02,14061.017240003188,10353.438432294937,10000
2024-07-03,14061.017240003188,10353.438432294937,10000
2024-07-05,14061.017240003188,10353.438432294937,10000
2024-07-08,14061.017240003188,10353.438432294937,10000
2024-07-09,14061.017240003188,10353.438432294937,10000
2024-07-10,14061.017240003188,10353.438432294937,10000
2024-07-11,14061.017240003188,10353.438432294937,10000
2024-07-12,14061.017240003188,10353.438432294937,10000
2024-07-15,14061.017240003188,10353.438432294937,10000
2024-07-16,14061.017240003188,10353.438432294937,10000
2024-07-17,14061.017240003188,10353.438432294937,10000
2024-07-18,14061.017240003188,10353.438432294937,10000
2024-07-19,14061.017240003188,10353.438432294937,10000
2024-07-22,14855.26777217696,10353.438432294937,10000
2024-07-23,14181.687743356128,10353.438432294937,10000
2024-07-24,12361.321476031602,10353.438432294937,10000
2024-07-25,12361.321476031602,10353.438432294937,10000
2024-07-26,12361.321476031602,10353.438432294937,10000
2024-07-29,12361.321476031602,10353.438432294937,10000
2024-07-30,12361.321476031602,10353.438432294937,10000
2024-07-31,12361.321476031602,10353.438432294937,10000
2024-08-01,12361.321476031602,10353.438432294937,10000
2024-08-02,12361.321476031602,10353.438432294937,10000
2024-08-05,12361.321476031602,10353.438432294937,10000
2024-08-06,12361.321476031602,10353.438432294937,10000
2024-08-07,12361.321476031602,10353.438432294937,10000
2024-08-08,12361.321476031602,10353.438432294937,10000
2024-08-09,12361.321476031602,10353.438432294937,10000
2024-08-12,12361.321476031602,10353.438432294937,10000
2024-08-13,12361.321476031602,10353.438432294937,10000
2024-08-14,12361.321476031602,10353.438432294937,10000
2024-08-15,12361.321476031602,10353.438432294937,10000
2024-08-16,12361.321476031602,10353.438432294937,10000
2024-08-19,12361.321476031602,10353.438432294937,10000
2024-08-20,12361.321476031602,10353.438432294937,10000
2024-08-21,12361.321476031602,10353.438432294937,10000
2024-08-22,12361.321476031602,10353.438432294937,10000
2024-08-23,12361.321476031602,10353.438432294937,10000
2024-08-26,12361.321476031602,10353.438432294937,10000
2024-08-27,12361.321476031602,10353.438432294937,10000
2024-08-28,12361.321476031602,10353.438432294937,10000
2024-08-29,12361.321476031602,10353.438432294937,10000
2024-08-30,12361.321476031602,10353.438432294937,10000
2024-09-03,12361.321476031602,10353.438432294937,10000
2024-09-04,12361.321476031602,10353.438432294937,10000
2024-09-05,12361.321476031602,10353.438432294937,10000
2024-09-06,12361.321476031602,10353.438432294937,10000
2024-09-09,12361.321476031602,10353.438432294937,10000
2024-09-10,12361.321476031602,10353.438432294937,10000
2024-09-11,12361.321476031602,10353.438432294937,10000
2024-09-12,12361.321476031602,10353.438432294937,10000
2024-09-13,12361.321476031602,10353.438432294937,10000
2024-09-16,12361.321476031602,10353.438432294937,10000
2024-09-17,12361.321476031602,10353.438432294937,10000
2024-09-18,12361.321476031602,10353.438432294937,10000
2024-09-19,12361.321476031602,10353.438432294937,10000
2024-09-20,12361.321476031602,10353.438432294937,10000
2024-09-23,12361.321476031602,10353.438432294937,10000
2024-09-24,12361.321476031602,10353.438432294937,10000
2024-09-25,12361.321476031602,10353.438432294937,10000
2024-09-26,12361.321476031602,10353.438432294937,10000
2024-09-27,12361.321476031602,10353.438432294937,10000
2024-09-30,12361.321476031602,10353.438432294937,10000
2024-10-01,12361.321476031602,10353.438432294937,10000
2024-10-02,12361.321476031602,10353.438432294937,10000
2024-10-03,12361.321476031602,10353.438432294937,10000
2024-10-04,12361.321476031602,10353.438432294937,10000
2024-10-07,12361.321476031602,10353.438432294937,10000
2024-10-08,12361.321476031602,10353.438432294937,10000
2024-10-09,12361.321476031602,10353.438432294937,10000
2024-10-10,12361.321476031602,10353.438432294937,10000
2024-10-11,12361.321476031602,10353.438432294937,10000
2024-10-14,12361.321476031602,10353.438432294937,10000
2024-10-15,12361.321476031602,10353.438432294937,10000
2024-10-16,12361.321476031602,10353.438432294937,10000
2024-10-17,12361.321476031602,10353.438432294937,10000
2024-10-18,12361.321476031602,10353.438432294937,10000
2024-10-21,12361.321476031602,10353.438432294937,10000
2024-10-22,12361.321476031602,10353.438432294937,10000
2024-10-23,12361.321476031602,10353.438432294937,10000
2024-10-24,12361.321476031602,10353.438432294937,10000
2024-10-25,12361.321476031602,10353.438432294937,10000
2024-10-28,12361.321476031602,10353.438432294937,10000
2024-10-29,12361.321476031602,10353.438432294937,10000
2024-10-30,12361.321476031602,10353.438432294937,10000
2024-10-31,12361.321476031602,10353.438432294937,10000
2024-11-01,12405.30513901828,10353.438432294937,10000
2024-11-04,12212.1637995087,10353.438432294937,10000
2024-11-05,12626.612262149722,10353.438432294937,10000
2024-11-06,13729.127957263046,10353.438432294937,10000
2024-11-07,14555.526168418532,10353.438432294937,10000
2024-11-08,14555.526168418532,10353.438432294937,10000
2024-11-11,14555.526168418532,10353.438432294937,10000
2024-11-12,14555.526168418532,10353.438432294937,10000
2024-11-13,14555.526168418532,10353.438432294937,10000
2024-11-14,14555.526168418532,10353.438432294937,10000
2024-11-15,14555.526168418532,10353.438432294937,10000
2024-11-18,15069.252795227801,10353.438432294937,10000
2024-11-19,15167.28231554966,10353.438432294937,10000
2024-11-20,14775.165282796006,10353.438432294937,10000
2024-11-21,15515.829624070933,10353.438432294937,10000
2024-11-22,15500.313794446864,10353.438432294937,10000
2024-11-25,15500.313794446864,10353.438432294937,10000
2024-11-26,15500.313794446864,10353.438432294937,10000
2024-11-27,15500.313794446864,10353.438432294937,10000
2024-11-29,15500.313794446864,10353.438432294937,10000
2024-12-02,15500.313794446864,10353.438432294937,10000
2024-12-03,15500.313794446864,10353.438432294937,10000
2024-12-04,15500.313794446864,10353.438432294937,10000
2024-12-05,15500.313794446864,10353.438432294937,10000
2024-12-06,15500.313794446864,10353.438432294937,10000
2024-12-09,15500.313794446864,10353.438432294937,10000
2024-12-10,15500.313794446864,10353.438432294937,10000
2024-12-11,15500.313794446864,10353.438432294937,10000
2024-12-12,15500.313794446864,10353.438432294937,10000
2024-12-13,15500.313794446864,10353.438432294937,10000
2024-12-16,15500.313794446864,10353.438432294937,10000
2024-12-17,15500.313794446864,10353.438432294937,10000
2024-12-18,15500.313794446864,10353.438432294937,10000
2024-12-19,15500.313794446864,10353.438432294937,10000
2024-12-20,16372.417658408995,10353.438432294937,10000
2024-12-23,17795.974169029705,10353.438432294937,10000
2024-12-24,18331.237171794317,10353.438432294937,10000
2024-12-26,18581.7761767829,10353.438432294937,10000
2024-12-27,18581.7761767829,10353.438432294937,10000
2024-12-30,18581.7761767829,10353.438432294937,10000
2024-12-31,18581.7761767829,10353.438432294937,10000
2025-01-02,18581.7761767829,10353.438432294937,10000
2025-01-03,18581.7761767829,10353.438432294937,10000
2025-01-06,18581.7761767829,10353.438432294937,10000
2025-01-07,18581.7761767829,10353.438432294937,10000
2025-01-08,18581.7761767829,10353.438432294937,10000
2025-01-10,18581.7761767829,10353.438432294937,10000
2025-01-13,18581.7761767829,10353.438432294937,10000
2025-01-14,18581.7761767829,10353.438432294937,10000
2025-01-15,18581.7761767829,10353.438432294937,10000
2025-01-16,18581.7761767829,10353.438432294937,10000
2025-01-17,18581.7761767829,10353.438432294937,10000
2025-01-21,18581.7761767829,10353.438432294937,10000
2025-01-22,18581.7761767829,10353.438432294937,10000
2025-01-23,18581.7761767829,10353.438432294937,10000
2025-01-24,18581.7761767829,10353.438432294937,10000
2025-01-27,18581.7761767829,10353.438432294937,10000
2025-01-28,18581.7761767829,10353.438432294937,10000
2025-01-29,18581.7761767829,10353.438432294937,10000
2025-01-30,18581.7761767829,10353.438432294937,10000
2025-01-31,18581.7761767829,10353.438432294937,10000
2025-02-03,18581.7761767829,10353.438432294937,10000
2025-02-04,18581.7761767829,10353.438432294937,10000
2025-02-05,18581.7761767829,10353.438432294937,10000
2025-02-06,18581.7761767829,10353.438432294937,10000
2025-02-07,18581.7761767829,10353.438432294937,10000
2025-02-10,18581.7761767829,10353.438432294937,10000
2025-02-11,18581.7761767829,10353.438432294937,10000
2025-02-12,18581.7761767829,10353.438432294937,10000
2025-02-13,18581.7761767829,10353.438432294937,10000
2025-02-14,18581.7761767829,10353.438432294937,10000
2025-02-18,18581.7761767829,10353.438432294937,10000
2025-02-19,18581.7761767829,10353.438432294937,10000
2025-02-20,18581.7761767829,10353.438432294937,10000
2025-02-21,18581.7761767829,10353.438432294937,10000
2025-02-24,18581.7761767829,10353.438432294937,10000
2025-02-25,18581.7761767829,10353.438432294937,10000
2025-02-26,18581.7761767829,10353.438432294937,10000
2025-02-27,18581.7761767829,10353.438432294937,10000
2025-02-28,18581.7761767829,10353.438432294937,10000
2025-03-03,18581.7761767829,10353.438432294937,10000
2025-03-04,18581.7761767829,10353.438432294937,10000
2025-03-05,18581.7761767829,10353.438432294937,10000
2025-03-06,18581.7761767829,10353.438432294937,10000
2025-03-07,18581.7761767829,10353.438432294937,10000
2025-03-10,18581.7761767829,10353.438432294937,10000
2025-03-11,18581.7761767829,10353.438432294937,10000
2025-03-12,18581.7761767829,10353.438432294937,10000
2025-03-13,18581.7761767829,10353.438432294937,10000
2025-03-14,18581.7761767829,10353.438432294937,10000
2025-03-17,18581.7761767829,10353.438432294937,10000
2025-03-18,18581.7761767829,10353.438432294937,10000
2025-03-19,18581.7761767829,10353.438432294937,10000
2025-03-20,18581.7761767829,10353.438432294937,10000
2025-03-21,18581.7761767829,10353.438432294937,10000
2025-03-24,18581.7761767829,10353.438432294937,10000
2025-03-25,18581.7761767829,10353.438432294937,10000
2025-03-26,18581.7761767829,10353.438432294937,10000
2025-03-27,18581.7761767829,10353.438432294937,10000
2025-03-28,18581.7761767829,10353.438432294937,10000
2025-03-31,18581.7761767829,10353.438432294937,10000
2025-04-01,18581.7761767829,10353.438432294937,10000
2025-04-02,18581.7761767829,10353.438432294937,10000
2025-04-03,18581.7761767829,10353.438432294937,10000
2025-04-04,18581.7761767829,10353.438432294937,10000
2025-04-07,18581.7761767829,10353.438432294937,10000
2025-04-08,18581.7761767829,10353.438432294937,10000
2025-04-09,18581.7761767829,10353.438432294937,10000
2025-04-10,18581.7761767829,10353.438432294937,10000
2025-04-11,18581.7761767829,10353.438432294937,10000
2025-04-14,18581.7761767829,10353.438432294937,10000
2025-04-15,18581.7761767829,10353.438432294937,10000
2025-04-16,18581.7761767829,10353.438432294937,10000
2025-04-17,18581.7761767829,10353.438432294937,10000
2025-04-21,18581.7761767829,10353.438432294937,10000
2025-04-22,18581.7761767829,10353.438432294937,10000
2025-04-23,18581.7761767829,10353.438432294937,10000
2025-04-24,18581.7761767829,10353.438432294937,10000
2025-04-25,18581.7761767829,10353.438432294937,10000
2025-04-28,18581.7761767829,10353.438432294937,10000
2025-04-29,18581.7761767829,10353.438432294937,10000
2025-04-30,18581.7761767829,10353.438432294937,10000
2025-05-01,18581.7761767829,10353.438432294937,10000
2025-05-02,18581.7761767829,10353.438432294937,10000
2025-05-05,18581.7761767829,10353.438432294937,10000
2025-05-06,18581.7761767829,10353.438432294937,10000
2025-05-07,18581.7761767829,10353.438432294937,10000
2025-05-08,18581.7761767829,10353.438432294937,10000
2025-05-09,18581.7761767829,10353.438432294937,10000
2025-05-12,18581.7761767829,10353.438432294937,10000
2025-05-13,18581.7761767829,10353.438432294937,10000
2025-05-14,18581.7761767829,10353.438432294937,10000
2025-05-15,18581.7761767829,10353.438432294937,10000
2025-05-16,18581.7761767829,10353.438432294937,10000
2025-05-19,18581.7761767829,10353.438432294937,10000
2025-05-20,18581.7761767829,10353.438432294937,10000
2025-05-21,18581.7761767829,10353.438432294937,10000
2025-05-22,18581.7761767829,10353.438432294937,10000
2025-05-23,18581.7761767829,10353.438432294937,10000
2025-05-27,18581.7761767829,10353.438432294937,10000
2025-05-28,18581.7761767829,10353.438432294937,10000
2025-05-29,18581.7761767829,10353.438432294937,10000
2025-05-30,18581.7761767829,10353.438432294937,10000
2025-06-02,18581.7761767829,10353.438432294937,10000
2025-06-03,18581.7761767829,10353.438432294937,10000
2025-06-04,18581.7761767829,10353.438432294937,10000
2025-06-05,18581.7761767829,10353.438432294937,10000
2025-06-06,18581.7761767829,10353.438432294937,10000
2025-06-09,18581.7761767829,10353.438432294937,10000
2025-06-10,18581.7761767829,10353.438432294937,10000
2025-06-11,18581.7761767829,10353.438432294937,10000
2025-06-12,18581.7761767829,10353.438432294937,10000
2025-06-13,18581.7761767829,10353.438432294937,10000
2025-06-16,18581.7761767829,10353.438432294937,10000
2025-06-17,18581.7761767829,10353.438432294937,10000
2025-06-18,18581.7761767829,10353.438432294937,10000
2025-06-20,18581.7761767829,10353.438432294937,10000
2025-06-23,18581.7761767829,10353.438432294937,10000
2025-06-24,18581.7761767829,10353.438432294937,10000
2025-06-25,18581.7761767829,10353.438432294937,10000
2025-06-26,18581.7761767829,10353.438432294937,10000
2025-06-27,18581.7761767829,10353.438432294937,10000
2025-06-30,18581.7761767829,10353.438432294937,10000
2025-07-01,18581.7761767829,10353.438432294937,10000
2025-07-02,18581.7761767829,10353.438432294937,10000
2025-07-03,18581.7761767829,10353.438432294937,10000
2025-07-07,18581.7761767829,10353.438432294937,10000
2025-07-08,18581.7761767829,10353.438432294937,10000
2025-07-09,18581.7761767829,10353.438432294937,10000
2025-07-10,18581.7761767829,10353.438432294937,10000
2025-07-11,18581.7761767829,10353.438432294937,10000
2025-07-14,18581.7761767829,10353.438432294937,10000
2025-07-15,18581.7761767829,10353.438432294937,10000
2025-07-16,18581.7761767829,10353.438432294937,10000
2025-07-17,18581.7761767829,10353.438432294937,10000
2025-07-18,18581.7761767829,10353.438432294937,10000
2025-07-21,18581.7761767829,10353.438432294937,10000
2025-07-22,18581.7761767829,10353.438432294937,10000
2025-07-23,18581.7761767829,10353.438432294937,10000
2025-07-24,18581.7761767829,10353.438432294937,10000
2025-07-25,18581.7761767829,10353.438432294937,10000
2025-07-28,18581.7761767829,10353.438432294937,10000
2025-07-29,18581.7761767829,10353.438432294937,10000
2025-07-30,18581.7761767829,10353.438432294937,10000
2025-07-31,18581.7761767829,10353.438432294937,10000
2025-08-01,18956.83495329917,10562.41457721293,10000
2025-08-04,19681.099626217096,10965.962097557684,10000
2025-08-05,19303.222732082744,10755.415747134244,10000
2025-08-06,18885.983317271166,10522.937293423458,10000
2025-08-07,19661.418526590878,10954.996135460127,10000
2025-08-08,19661.418526590878,10954.996135460126,10000
2025-08-11,19661.418526590878,10954.996135460126,10000
2025-08-12,19661.418526590878,10954.996135460126,10000
2025-08-13,19661.418526590878,10954.996135460126,10000
2025-08-14,19661.418526590878,10954.996135460126,10000
2025-08-15,19661.418526590878,10954.996135460126,10000
2025-08-18,19661.418526590878,10954.996135460126,10000
2025-08-19,19661.418526590878,10954.996135460126,10000
2025-08-20,19661.418526590878,10954.996135460126,10000
2025-08-21,19661.418526590878,10954.996135460126,10000
2025-08-22,19661.418526590878,10954.996135460126,10000
2025-08-25,19661.418526590878,10954.996135460126,10000
2025-08-26,19661.418526590878,10954.996135460126,10000
2025-08-27,19661.418526590878,10954.996135460126,10000
2025-08-28,19661.418526590878,10954.996135460126,10000
2025-08-29,19661.418526590878,10954.996135460126,10000
2025-09-02,19661.418526590878,10954.996135460126,10000
2025-09-03,19661.418526590878,10954.996135460126,10000
2025-09-04,19661.418526590878,10954.996135460126,10000
2025-09-05,19661.418526590878,10954.996135460126,10000
2025-09-08,19661.418526590878,10954.996135460126,10000
2025-09-09,19661.418526590878,10954.996135460126,10000
2025-09-10,19661.418526590878,10954.996135460126,10000
2025-09-11,19661.418526590878,10954.996135460126,10000
2025-09-12,19661.418526590878,10954.996135460126,10000
2025-09-15,19661.418526590878,10954.996135460126,10000
2025-09-16,19661.418526590878,10954.996135460126,10000
2025-09-17,19661.418526590878,10954.996135460126,10000
2025-09-18,19661.418526590878,10954.996135460126,10000
2025-09-19,19661.418526590878,10954.996135460126,10000
2025-09-22,19661.418526590878,10954.996135460126,10000
2025-09-23,19661.418526590878,10954.996135460126,10000
2025-09-24,19661.418526590878,10954.996135460126,10000
2025-09-25,19661.418526590878,10954.996135460126,10000
2025-09-26,19661.418526590878,10954.996135460126,10000
2025-09-29,19661.418526590878,10954.996135460126,10000
2025-09-30,19661.418526590878,10954.996135460126,10000
2025-10-01,19661.418526590878,10954.996135460126,10000
2025-10-02,19661.418526590878,10954.996135460126,10000
2025-10-03,19661.418526590878,10954.996135460126,10000
2025-10-06,19661.418526590878,10954.996135460126,10000
2025-10-07,19661.418526590878,10954.996135460126,10000
2025-10-08,19661.418526590878,10954.996135460126,10000
2025-10-09,19661.418526590878,10954.996135460126,10000
2025-10-10,19661.418526590878,10954.996135460126,10000
2025-10-13,19661.418526590878,10954.996135460126,10000
2025-10-14,19661.418526590878,10954.996135460126,10000
2025-10-15,19661.418526590878,10954.996135460126,10000
2025-10-16,19661.418526590878,10954.996135460126,10000
2025-10-17,19661.418526590878,10954.996135460126,10000
2025-10-20,19661.418526590878,10954.996135460126,10000
2025-10-21,19661.418526590878,10954.996135460126,10000
2025-10-22,19661.418526590878,10954.996135460126,10000
2025-10-23,19661.418526590878,10954.996135460126,10000
2025-10-24,19661.418526590878,10954.996135460126,10000
2025-10-27,19661.418526590878,10954.996135460126,10000
2025-10-28,19661.418526590878,10954.996135460126,10000
2025-10-29,19661.418526590878,10954.996135460126,10000
2025-10-30,19661.418526590878,10954.996135460126,10000
2025-10-31,19661.418526590878,10954.996135460126,10000
2025-11-03,19661.418526590878,10954.996135460126,10000
2025-11-04,19661.418526590878,10954.996135460126,10000
2025-11-05,19661.418526590878,10954.996135460126,10000
2025-11-06,19661.418526590878,10954.996135460126,10000
2025-11-07,19661.418526590878,10954.996135460126,10000
2025-11-10,19661.418526590878,10954.996135460126,10000
2025-11-11,19661.418526590878,10954.996135460126,10000
2025-11-12,19661.418526590878,10954.996135460126,10000
2025-11-13,19661.418526590878,10954.996135460126,10000
2025-11-14,19661.418526590878,10954.996135460126,10000
2025-11-17,19661.418526590878,10954.996135460126,10000
2025-11-18,19661.418526590878,10954.996135460126,10000
2025-11-19,19661.418526590878,10954.996135460126,10000
2025-11-20,19661.418526590878,10954.996135460126,10000
2025-11-21,19661.418526590878,10954.996135460126,10000
2025-11-24,19661.418526590878,10954.996135460126,10000
2025-11-25,19661.418526590878,10954.996135460126,10000
2025-11-26,19661.418526590878,10954.996135460126,10000
2025-11-28,19661.418526590878,10954.996135460126,10000
2025-12-01,19661.418526590878,10954.996135460126,10000
2025-12-02,19661.418526590878,10954.996135460126,10000
2025-12-03,19661.418526590878,10954.996135460126,10000
2025-12-04,19661.418526590878,10954.996135460126,10000
2025-12-05,19661.418526590878,10954.996135460126,10000
2025-12-08,19661.418526590878,10954.996135460126,10000
2025-12-09,19661.418526590878,10954.996135460126,10000
2025-12-10,19661.418526590878,10954.996135460126,10000
2025-12-11,19661.418526590878,10954.996135460126,10000
2025-12-12,19661.418526590878,10954.996135460126,10000
2025-12-15,19661.418526590878,10954.996135460126,10000
2025-12-16,19661.418526590878,10954.996135460126,10000
2025-12-17,19661.418526590878,10954.996135460126,10000
2025-12-18,19661.418526590878,10954.996135460126,10000
2025-12-19,19661.418526590878,10954.996135460126,10000
2025-12-22,19661.418526590878,10954.996135460126,10000
2025-12-23,19661.418526590878,10954.996135460126,10000
2025-12-24,19661.418526590878,10954.996135460126,10000
2025-12-26,19661.418526590878,10954.996135460126,10000
2025-12-29,19661.418526590878,10954.996135460126,10000
2025-12-30,19661.418526590878,10954.996135460126,10000
2025-12-31,19661.418526590878,10954.996135460126,10000
2026-01-02,19661.418526590878,10954.996135460126,10000
2026-01-05,19661.418526590878,10954.996135460126,10000
2026-01-06,19661.418526590878,10954.996135460126,10000
2026-01-07,19661.418526590878,10954.996135460126,10000
2026-01-08,19661.418526590878,10954.996135460126,10000
2026-01-09,19661.418526590878,10954.996135460126,10000
2026-01-12,19661.418526590878,10954.996135460126,10000
2026-01-13,19661.418526590878,10954.996135460126,10000
2026-01-14,19661.418526590878,10954.996135460126,10000
2026-01-15,19661.418526590878,10954.996135460126,10000
2026-01-16,19661.418526590878,10954.996135460126,10000
2026-01-20,19661.418526590878,10954.996135460126,10000
2026-01-21,19661.418526590878,10954.996135460126,10000
2026-01-22,19661.418526590878,10954.996135460126,10000
2026-01-23,19661.418526590878,10954.996135460126,10000
2026-01-26,19661.418526590878,10954.996135460126,10000
2026-01-27,19661.418526590878,10954.996135460126,10000
2026-01-28,19661.418526590878,10954.996135460126,10000
2026-01-29,19661.418526590878,10954.996135460126,10000
2026-01-30,19661.418526590878,10954.996135460126,10000
2026-02-02,19661.418526590878,10954.996135460126,10000
2026-02-03,19661.418526590878,10954.996135460126,10000
2026-02-04,19661.418526590878,10954.996135460126,10000
2026-02-05,19661.418526590878,10954.996135460126,10000
2026-02-06,19661.418526590878,10954.996135460126,10000
2026-02-09,19661.418526590878,10954.996135460126,10000
2026-02-10,19661.418526590878,10954.996135460126,10000
2026-02-11,19661.418526590878,10954.996135460126,10000
2026-02-12,19661.418526590878,10954.996135460126,10000
2026-02-13,19661.418526590878,10954.996135460126,10000
2026-02-17,19661.418526590878,10954.996135460126,10000
2026-02-18,19661.418526590878,10954.996135460126,10000
2026-02-19,19661.418526590878,10954.996135460126,10000
2026-02-20,19661.418526590878,10954.996135460126,10000
2026-02-23,19661.418526590878,10954.996135460126,10000
2026-02-24,19661.418526590878,10954.996135460126,10000
2026-02-25,19661.418526590878,10954.996135460126,10000
2026-02-26,19661.418526590878,10954.996135460126,10000
2026-02-27,19661.418526590878,10954.996135460126,10000
2026-03-02,19661.418526590878,10954.996135460126,10000
2026-03-03,19661.418526590878,10954.996135460126,10000
2026-03-04,19661.418526590878,10954.996135460126,10000
2026-03-05,19661.418526590878,10954.996135460126,10000
2026-03-06,19661.418526590878,10954.996135460126,10000
2026-03-09,19661.418526590878,10954.996135460126,10000
2026-03-10,19661.418526590878,10954.996135460126,10000
2026-03-11,19661.418526590878,10954.996135460126,10000
2026-03-12,19661.418526590878,10954.996135460126,10000
2026-03-13,19661.418526590878,10954.996135460126,10000
2026-03-16,19661.418526590878,10954.996135460126,10000
2026-03-17,19661.418526590878,10954.996135460126,10000
2026-03-18,19661.418526590878,10954.996135460126,10000
2026-03-19,19661.418526590878,10954.996135460126,10000
2026-03-20,19661.418526590878,10954.996135460126,10000
2026-03-23,19661.418526590878,10954.996135460126,10000
2026-03-24,19661.418526590878,10954.996135460126,10000
2026-03-25,19661.418526590878,10954.996135460126,10000
2026-03-26,19661.418526590878,10954.996135460126,10000
2026-03-27,19661.418526590878,10954.996135460126,10000
2026-03-30,19661.418526590878,10954.996135460126,10000
2026-03-31,19661.418526590878,10954.996135460126,10000
2026-04-01,19661.418526590878,10954.996135460126,10000
2026-04-02,19661.418526590878,10954.996135460126,10000
2026-04-06,19661.418526590878,10954.996135460126,10000
2026-04-07,19661.418526590878,10954.996135460126,10000
2026-04-08,19661.418526590878,10954.996135460126,10000
2026-04-09,19661.418526590878,10954.996135460126,10000
2026-04-10,19661.418526590878,10954.996135460126,10000
2026-04-13,19661.418526590878,10954.996135460126,10000
2026-04-14,19661.418526590878,10954.996135460126,10000
2026-04-15,19661.418526590878,10954.996135460126,10000
2026-04-16,19661.418526590878,10954.996135460126,10000
2026-04-17,19661.418526590878,10954.996135460126,10000
2026-04-20,19661.418526590878,10954.996135460126,10000
2026-04-21,19661.418526590878,10954.996135460126,10000
2026-04-22,19661.418526590878,10954.996135460126,10000
2026-04-23,19661.418526590878,10954.996135460126,10000
2026-04-24,19661.418526590878,10954.996135460126,10000
2026-04-27,19661.418526590878,10954.996135460126,10000
2026-04-28,19661.418526590878,10954.996135460126,10000
2026-04-29,19661.418526590878,10954.996135460126,10000
2026-04-30,19661.418526590878,10954.996135460126,10000
2026-05-01,19661.418526590878,10954.996135460126,10000
2026-05-04,19661.418526590878,10954.996135460126,10000
2026-05-05,19661.418526590878,10954.996135460126,10000
2026-05-06,19661.418526590878,10954.996135460126,10000
2026-05-07,19661.418526590878,10954.996135460126,10000
2026-05-08,19661.418526590878,10954.996135460126,10000
2026-05-11,19661.418526590878,10954.996135460126,10000
2026-05-12,19661.418526590878,10954.996135460126,10000
2026-05-13,19661.418526590878,10954.996135460126,10000
2026-05-14,19661.418526590878,10954.996135460126,10000
2026-05-15,19661.418526590878,10954.996135460126,10000
2026-05-18,19661.418526590878,10954.996135460126,10000
2026-05-19,19661.418526590878,10954.996135460126,10000
2026-05-20,19661.418526590878,10954.996135460126,10000
2026-05-21,19661.418526590878,10954.996135460126,10000
2026-05-22,19661.418526590878,10954.996135460126,10000
2026-05-26,19661.418526590878,10954.996135460126,10000
2026-05-27,19661.418526590878,10954.996135460126,10000
2026-05-28,19661.418526590878,10954.996135460126,10000
2026-05-29,19661.418526590878,10954.996135460126,10000
2026-06-01,19661.418526590878,10954.996135460126,10000
2026-06-02,19661.418526590878,10954.996135460126,10000
2026-06-03,19661.418526590878,10954.996135460126,10000
2026-06-04,19661.418526590878,10954.996135460126,10000
2026-06-05,19661.418526590878,10954.996135460126,10000
2026-06-08,19661.418526590878,10954.996135460126,10000
2026-06-09,19661.418526590878,10954.996135460126,10000
2026-06-10,19661.418526590878,10954.996135460126,10000
2026-06-11,19661.418526590878,10954.996135460126,10000
2026-06-12,19661.418526590878,10954.996135460126,10000
2026-06-15,19661.418526590878,10954.996135460126,10000
2026-06-16,19661.418526590878,10954.996135460126,10000
2026-06-17,19661.418526590878,10954.996135460126,10000
2026-06-18,19661.418526590878,10954.996135460126,10000
2026-06-22,19661.418526590878,10954.996135460126,10000
2026-06-23,19661.418526590878,10954.996135460126,10000
2026-06-24,19661.418526590878,10954.996135460126,10000
2026-06-25,19661.418526590878,10954.996135460126,10000
2026-06-26,19661.418526590878,10954.996135460126,10000
2026-06-29,19661.418526590878,10954.996135460126,10000
2026-06-30,19661.418526590878,10954.996135460126,10000
2026-07-01,19661.418526590878,10954.996135460126,10000
2026-07-02,19661.418526590878,10954.996135460126,10000
