Date,Current 20D,Fast 5D
2021-01-04,10000.0,10000.0
2021-01-05,10000.0,10000.0
2021-01-06,10000.0,10000.0
2021-01-07,10000.0,10000.0
2021-01-08,10000.0,10000.0
2021-01-11,10000.0,10000.0
2021-01-12,10000.0,10000.0
2021-01-13,10000.0,10000.0
2021-01-14,10000.0,10000.0
2021-01-15,10000.0,10000.0
2021-01-19,10000.0,10000.0
2021-01-20,10000.0,10000.0
2021-01-21,10000.0,10000.0
2021-01-22,10000.0,10000.0
2021-01-25,10000.0,10000.0
2021-01-26,10000.0,10000.0
2021-01-27,10000.0,10000.0
2021-01-28,10000.0,10014.032932179809
2021-01-29,10000.0,9766.665246799797
2021-02-01,10000.0,10329.997473316056
2021-02-02,10000.0,10572.606446903163
2021-02-03,10000.0,10222.68208743112
2021-02-04,10000.0,10222.682087431122
2021-02-05,10000.0,10222.682087431122
2021-02-08,10000.0,10222.682087431122
2021-02-09,10000.0,10222.682087431122
2021-02-10,10000.0,10222.682087431122
2021-02-11,10000.0,10222.682087431122
2021-02-12,10000.0,10222.682087431122
2021-02-16,10000.0,10222.682087431122
2021-02-17,10000.0,10222.682087431122
2021-02-18,10000.0,10222.682087431122
2021-02-19,10000.0,10222.682087431122
2021-02-22,10000.0,10222.682087431122
2021-02-23,10000.0,10222.682087431122
2021-02-24,10000.0,10222.682087431122
2021-02-25,10000.0,10222.682087431122
2021-02-26,10000.0,10222.682087431122
2021-03-01,10000.0,10222.682087431122
2021-03-02,10000.0,10222.682087431122
2021-03-03,10000.0,10222.682087431122
2021-03-04,10000.0,10222.682087431122
2021-03-05,10000.0,10222.682087431122
2021-03-08,10000.0,10222.682087431122
2021-03-09,10000.0,10222.682087431122
2021-03-10,10000.0,10222.682087431122
2021-03-11,10000.0,10222.682087431122
2021-03-12,10000.0,10222.682087431122
2021-03-15,10000.0,10222.682087431122
2021-03-16,10000.0,10222.682087431122
2021-03-17,10000.0,10222.682087431122
2021-03-18,10000.0,10222.682087431122
2021-03-19,10000.0,10222.682087431122
2021-03-22,10000.0,10222.682087431122
2021-03-23,10000.0,10222.682087431122
2021-03-24,10000.0,10222.682087431122
2021-03-25,10000.0,10222.682087431122
2021-03-26,10000.0,10222.682087431122
2021-03-29,10000.0,10222.682087431122
2021-03-30,10000.0,10222.682087431122
2021-03-31,10000.0,10222.682087431122
2021-04-01,10000.0,10222.682087431122
2021-04-05,10000.0,10222.682087431122
2021-04-06,10000.0,10222.682087431122
2021-04-07,10000.0,10222.682087431122
2021-04-08,10000.0,10222.682087431122
2021-04-09,10000.0,10222.682087431122
2021-04-12,10000.0,10222.682087431122
2021-04-13,10000.0,10222.682087431122
2021-04-14,10000.0,10222.682087431122
2021-04-15,10000.0,10222.682087431122
2021-04-16,10000.0,10222.682087431122
2021-04-19,10000.0,10222.682087431122
2021-04-20,10000.0,10047.411750047351
2021-04-21,10000.0,10445.334217954827
2021-04-22,10000.0,10082.753277307584
2021-04-23,10000.0,10366.795832345038
2021-04-26,10000.0,10630.916050042699
2021-04-27,10000.0,10630.916050042699
2021-04-28,10000.0,10630.916050042699
2021-04-29,10000.0,10630.916050042699
2021-04-30,10000.0,10630.916050042699
2021-05-03,9715.591865442715,10328.564149799926
2021-05-04,9395.6,10097.687475186427
2021-05-05,9395.6,10179.339123817495
2021-05-06,9395.6,10299.000001521239
2021-05-07,9395.6,10509.19241932983
2021-05-10,9395.6,10509.19241932983
2021-05-11,9890.620910579695,10509.19241932983
2021-05-12,9246.977251341057,10509.19241932983
2021-05-13,9441.04042014983,10509.19241932983
2021-05-14,9861.511467051478,10509.19241932983
2021-05-17,9722.255333358904,10509.19241932983
2021-05-18,9722.255333358902,10509.19241932983
2021-05-19,9722.255333358902,10509.19241932983
2021-05-20,9722.255333358902,10509.19241932983
2021-05-21,9722.255333358902,10509.19241932983
2021-05-24,9722.255333358902,10509.19241932983
2021-05-25,9722.255333358902,10509.19241932983
2021-05-26,9722.255333358902,10509.19241932983
2021-05-27,9722.255333358902,10509.19241932983
2021-05-28,9722.255333358902,10509.19241932983
2021-06-01,9722.255333358902,10509.19241932983
2021-06-02,9722.255333358902,10509.19241932983
2021-06-03,9722.255333358902,10509.19241932983
2021-06-04,9722.255333358902,10509.19241932983
2021-06-07,9722.255333358902,10509.19241932983
2021-06-08,9722.255333358902,10509.19241932983
2021-06-09,9722.255333358902,10509.19241932983
2021-06-10,9722.255333358902,10509.19241932983
2021-06-11,9722.255333358902,10509.19241932983
2021-06-14,9722.255333358902,10509.19241932983
2021-06-15,9722.255333358902,10509.19241932983
2021-06-16,9722.255333358902,10509.19241932983
2021-06-17,9722.255333358902,10509.19241932983
2021-06-18,9722.255333358902,10509.19241932983
2021-06-21,9722.255333358902,10583.62685863527
2021-06-22,9722.255333358902,10650.73005332119
2021-06-23,9722.255333358902,10713.638233370573
2021-06-24,9722.255333358902,10997.422838545765
2021-06-25,9722.255333358902,10933.024461446279
2021-06-28,9722.255333358902,10933.02446144628
2021-06-29,9722.255333358902,10933.02446144628
2021-06-30,9722.255333358902,10933.02446144628
2021-07-01,9722.255333358902,10933.02446144628
2021-07-02,9722.255333358902,10933.02446144628
2021-07-06,9722.255333358902,10933.02446144628
2021-07-07,9722.255333358902,10933.02446144628
2021-07-08,9722.255333358902,10933.02446144628
2021-07-09,9722.255333358902,11143.667744333805
2021-07-12,9722.255333358902,11355.696658045621
2021-07-13,9722.255333358902,11259.19424660147
2021-07-14,9722.255333358902,11196.673770362693
2021-07-15,9722.255333358902,10818.911112580441
2021-07-16,9722.255333358902,10818.911112580441
2021-07-19,9942.21382388338,10818.911112580441
2021-07-20,10149.099354419468,10818.911112580441
2021-07-21,10633.208426476347,10818.911112580441
2021-07-22,10480.113817173093,10818.911112580441
2021-07-23,10586.10050836462,10818.911112580441
2021-07-26,10586.10050836462,10818.911112580441
2021-07-27,10586.10050836462,10818.911112580441
2021-07-28,10586.10050836462,11037.650737460765
2021-07-29,10586.10050836462,11347.8981496448
2021-07-30,10586.10050836462,11476.370968275434
2021-08-02,10586.10050836462,11588.44183531724
2021-08-03,10586.10050836462,11686.032628301688
2021-08-04,10586.10050836462,11686.032628301688
2021-08-05,10586.10050836462,11686.032628301688
2021-08-06,10586.10050836462,11686.032628301688
2021-08-09,10586.10050836462,11686.032628301688
2021-08-10,10586.10050836462,11686.032628301688
2021-08-11,10586.10050836462,11564.902329411392
2021-08-12,10586.10050836462,11364.11157684117
2021-08-13,10586.10050836462,11475.519491649318
2021-08-16,10586.10050836462,11414.634990823672
2021-08-17,10586.10050836462,11079.060334768845
2021-08-18,10586.10050836462,11079.060334768845
2021-08-19,10781.631488301136,11079.060334768845
2021-08-20,10892.42730888684,11079.060334768845
2021-08-23,11343.923109420775,11079.060334768845
2021-08-24,11349.46333608809,11079.060334768845
2021-08-25,11488.681290011897,11079.060334768845
2021-08-26,11488.681290011897,11079.060334768845
2021-08-27,11488.681290011897,11079.060334768845
2021-08-30,11488.681290011897,11079.060334768845
2021-08-31,11488.681290011897,11079.060334768845
2021-09-01,11488.681290011897,11079.060334768845
2021-09-02,11488.681290011897,11079.060334768845
2021-09-03,11488.681290011897,11079.060334768845
2021-09-07,11488.681290011897,11079.060334768845
2021-09-08,11488.681290011897,11079.060334768845
2021-09-09,11488.681290011897,11079.060334768845
2021-09-10,11488.681290011897,11079.060334768845
2021-09-13,11488.681290011897,11079.060334768845
2021-09-14,11488.681290011897,11079.060334768845
2021-09-15,11488.681290011897,11079.060334768845
2021-09-16,11488.681290011897,11079.060334768845
2021-09-17,11488.681290011897,11079.060334768845
2021-09-20,11488.681290011897,11079.060334768845
2021-09-21,11488.681290011897,11079.060334768845
2021-09-22,11488.681290011897,11079.060334768845
2021-09-23,11488.681290011897,11079.060334768845
2021-09-24,11488.681290011897,11079.060334768845
2021-09-27,11488.681290011897,11079.060334768845
2021-09-28,11488.681290011897,11079.060334768845
2021-09-29,11488.681290011897,11079.060334768845
2021-09-30,11488.681290011897,11079.060334768845
2021-10-01,11488.681290011897,11079.060334768845
2021-10-04,11488.681290011897,11079.060334768845
2021-10-05,11488.681290011897,11079.060334768845
2021-10-06,11488.681290011897,11079.060334768845
2021-10-07,11488.681290011897,11079.060334768845
2021-10-08,11488.681290011897,11079.060334768845
2021-10-11,11488.681290011897,11079.060334768845
2021-10-12,11488.681290011897,11079.060334768845
2021-10-13,11488.681290011897,11079.060334768845
2021-10-14,11488.681290011897,11079.060334768845
2021-10-15,11488.681290011897,11079.060334768845
2021-10-18,11488.681290011897,11079.060334768845
2021-10-19,11488.681290011897,11079.060334768845
2021-10-20,11488.681290011897,11079.060334768845
2021-10-21,11488.681290011897,11079.060334768845
2021-10-22,11488.681290011897,11079.060334768845
2021-10-25,11488.681290011897,11079.060334768845
2021-10-26,11488.681290011897,11079.060334768845
2021-10-27,11488.681290011897,11079.060334768845
2021-10-28,11488.681290011897,11079.060334768845
2021-10-29,11488.681290011897,11079.060334768845
2021-11-01,11488.681290011897,11079.060334768845
2021-11-02,11488.681290011897,11079.060334768845
2021-11-03,11488.681290011897,11079.060334768845
2021-11-04,11488.681290011897,11079.060334768845
2021-11-05,11488.681290011897,11079.060334768845
2021-11-08,11488.681290011897,11079.060334768845
2021-11-09,11488.681290011897,11079.060334768845
2021-11-10,11488.681290011897,11079.060334768845
2021-11-11,11488.681290011897,11079.060334768845
2021-11-12,11488.681290011897,11079.060334768845
2021-11-15,11488.681290011897,11079.060334768845
2021-11-16,11488.681290011897,11079.060334768845
2021-11-17,11488.681290011897,11079.060334768845
2021-11-18,11488.681290011897,11079.060334768845
2021-11-19,11488.681290011897,11079.060334768845
2021-11-22,11488.681290011897,11079.060334768845
2021-11-23,11488.681290011897,11079.060334768845
2021-11-24,11488.681290011897,11079.060334768845
2021-11-26,11488.681290011897,11079.060334768845
2021-11-29,11488.681290011897,11079.060334768845
2021-11-30,11488.681290011897,11079.060334768845
2021-12-01,11488.681290011897,11079.060334768845
2021-12-02,11488.681290011897,11079.060334768845
2021-12-03,11488.681290011897,11079.060334768845
2021-12-06,11488.681290011897,11079.060334768845
2021-12-07,11488.681290011897,11079.060334768845
2021-12-08,11488.681290011897,11079.060334768845
2021-12-09,11488.681290011897,11079.060334768845
2021-12-10,11488.681290011897,11079.060334768845
2021-12-13,11488.681290011897,11079.060334768845
2021-12-14,11488.681290011897,11079.060334768845
2021-12-15,11488.681290011897,11079.060334768845
2021-12-16,11488.681290011897,11079.060334768845
2021-12-17,11645.07259999148,11079.060334768845
2021-12-20,11503.959233340782,11079.060334768845
2021-12-21,12100.983740144598,11079.060334768845
2021-12-22,12289.179755034475,11079.060334768845
2021-12-23,12485.64537019611,11079.060334768845
2021-12-27,12485.64537019611,11079.060334768845
2021-12-28,12485.64537019611,11079.060334768845
2021-12-29,12485.64537019611,11079.060334768845
2021-12-30,12485.64537019611,11079.060334768845
2021-12-31,12485.64537019611,11079.060334768845
2022-01-03,12485.64537019611,11079.060334768845
2022-01-04,12485.64537019611,11079.060334768845
2022-01-05,12485.64537019611,11079.060334768845
2022-01-06,12485.64537019611,11079.060334768845
2022-01-07,12485.64537019611,11079.060334768845
2022-01-10,12485.64537019611,11079.060334768845
2022-01-11,12485.64537019611,11079.060334768845
2022-01-12,12485.64537019611,11079.060334768845
2022-01-13,12485.64537019611,11079.060334768845
2022-01-14,12485.64537019611,11079.060334768845
2022-01-18,12485.64537019611,11079.060334768845
2022-01-19,12485.64537019611,11079.060334768845
2022-01-20,12485.64537019611,11079.060334768845
2022-01-21,12485.64537019611,11079.060334768845
2022-01-24,12485.64537019611,11079.060334768845
2022-01-25,12485.64537019611,11079.060334768845
2022-01-26,12485.64537019611,11079.060334768845
2022-01-27,12485.64537019611,11079.060334768845
2022-01-28,12485.64537019611,11079.060334768845
2022-01-31,12485.64537019611,11079.060334768845
2022-02-01,12485.64537019611,11079.060334768845
2022-02-02,12485.64537019611,11079.060334768845
2022-02-03,12485.64537019611,11079.060334768845
2022-02-04,12485.64537019611,11079.060334768845
2022-02-07,12485.64537019611,11079.060334768845
2022-02-08,12485.64537019611,11079.060334768845
2022-02-09,12485.64537019611,11079.060334768845
2022-02-10,12485.64537019611,11079.060334768845
2022-02-11,12485.64537019611,11079.060334768845
2022-02-14,12485.64537019611,11079.060334768845
2022-02-15,12485.64537019611,11079.060334768845
2022-02-16,12485.64537019611,11079.060334768845
2022-02-17,12485.64537019611,11079.060334768845
2022-02-18,12485.64537019611,11079.060334768845
2022-02-22,12485.64537019611,11079.060334768845
2022-02-23,12485.64537019611,11079.060334768845
2022-02-24,12485.64537019611,11079.060334768845
2022-02-25,12485.64537019611,11079.060334768845
2022-02-28,12485.64537019611,11079.060334768845
2022-03-01,12485.64537019611,11079.060334768845
2022-03-02,12485.64537019611,11079.060334768845
2022-03-03,12485.64537019611,11079.060334768845
2022-03-04,12485.64537019611,11079.060334768845
2022-03-07,12485.64537019611,11079.060334768845
2022-03-08,12485.64537019611,11079.060334768845
2022-03-09,12485.64537019611,11079.060334768845
2022-03-10,12485.64537019611,11079.060334768845
2022-03-11,12485.64537019611,11079.060334768845
2022-03-14,12485.64537019611,11079.060334768845
2022-03-15,12485.64537019611,11079.060334768845
2022-03-16,12485.64537019611,11079.060334768845
2022-03-17,12485.64537019611,11079.060334768845
2022-03-18,12485.64537019611,11079.060334768845
2022-03-21,12485.64537019611,11079.060334768845
2022-03-22,12485.64537019611,11079.060334768845
2022-03-23,12485.64537019611,11079.060334768845
2022-03-24,12485.64537019611,11079.060334768845
2022-03-25,12485.64537019611,11079.060334768845
2022-03-28,12485.64537019611,11079.060334768845
2022-03-29,12485.64537019611,11079.060334768845
2022-03-30,12485.64537019611,11079.060334768845
2022-03-31,12485.64537019611,11079.060334768845
2022-04-01,12485.64537019611,11079.060334768845
2022-04-04,12485.64537019611,11079.060334768845
2022-04-05,12485.64537019611,11079.060334768845
2022-04-06,12485.64537019611,11079.060334768845
2022-04-07,12485.64537019611,11079.060334768845
2022-04-08,12485.64537019611,11079.060334768845
2022-04-11,12485.64537019611,11079.060334768845
2022-04-12,12485.64537019611,11079.060334768845
2022-04-13,12485.64537019611,11079.060334768845
2022-04-14,12485.64537019611,11079.060334768845
2022-04-18,12485.64537019611,11079.060334768845
2022-04-19,12485.64537019611,11079.060334768845
2022-04-20,12485.64537019611,11079.060334768845
2022-04-21,12485.64537019611,11079.060334768845
2022-04-22,12485.64537019611,11079.060334768845
2022-04-25,12485.64537019611,11079.060334768845
2022-04-26,12485.64537019611,11079.060334768845
2022-04-27,12485.64537019611,11079.060334768845
2022-04-28,12485.64537019611,11079.060334768845
2022-04-29,12485.64537019611,11079.060334768845
2022-05-02,12485.64537019611,11079.060334768845
2022-05-03,12485.64537019611,11079.060334768845
2022-05-04,12485.64537019611,11079.060334768845
2022-05-05,12485.64537019611,11079.060334768845
2022-05-06,12485.64537019611,11079.060334768845
2022-05-09,12485.64537019611,11079.060334768845
2022-05-10,12485.64537019611,11079.060334768845
2022-05-11,12485.64537019611,11079.060334768845
2022-05-12,12485.64537019611,11079.060334768845
2022-05-13,12485.64537019611,11079.060334768845
2022-05-16,12485.64537019611,11079.060334768845
2022-05-17,12485.64537019611,11079.060334768845
2022-05-18,12485.64537019611,11079.060334768845
2022-05-19,12485.64537019611,11079.060334768845
2022-05-20,12485.64537019611,11079.060334768845
2022-05-23,12485.64537019611,11079.060334768845
2022-05-24,12485.64537019611,11079.060334768845
2022-05-25,12485.64537019611,11079.060334768845
2022-05-26,12485.64537019611,11079.060334768845
2022-05-27,12485.64537019611,11079.060334768845
2022-05-31,12485.64537019611,11079.060334768845
2022-06-01,12485.64537019611,11079.060334768845
2022-06-02,12485.64537019611,11079.060334768845
2022-06-03,12485.64537019611,11079.060334768845
2022-06-06,12485.64537019611,11079.060334768845
2022-06-07,12485.64537019611,11079.060334768845
2022-06-08,12485.64537019611,11079.060334768845
2022-06-09,12485.64537019611,11079.060334768845
2022-06-10,12485.64537019611,11079.060334768845
2022-06-13,12485.64537019611,11079.060334768845
2022-06-14,12485.64537019611,11079.060334768845
2022-06-15,12485.64537019611,11079.060334768845
2022-06-16,12485.64537019611,11079.060334768845
2022-06-17,12485.64537019611,11079.060334768845
2022-06-21,12485.64537019611,11079.060334768845
2022-06-22,12485.64537019611,11079.060334768845
2022-06-23,12485.64537019611,11079.060334768845
2022-06-24,12485.64537019611,11079.060334768845
2022-06-27,12485.64537019611,11079.060334768845
2022-06-28,12485.64537019611,11079.060334768845
2022-06-29,12485.64537019611,11079.060334768845
2022-06-30,12485.64537019611,11079.060334768845
2022-07-01,12485.64537019611,11079.060334768845
2022-07-05,12485.64537019611,11079.060334768845
2022-07-06,12485.64537019611,11079.060334768845
2022-07-07,12485.64537019611,11079.060334768845
2022-07-08,12485.64537019611,11079.060334768845
2022-07-11,12485.64537019611,11079.060334768845
2022-07-12,12485.64537019611,11079.060334768845
2022-07-13,12485.64537019611,11079.060334768845
2022-07-14,12485.64537019611,11079.060334768845
2022-07-15,12485.64537019611,11079.060334768845
2022-07-18,12485.64537019611,11079.060334768845
2022-07-19,12485.64537019611,11079.060334768845
2022-07-20,12485.64537019611,11079.060334768845
2022-07-21,12485.64537019611,11079.060334768845
2022-07-22,12485.64537019611,11079.060334768845
2022-07-25,12485.64537019611,11079.060334768845
2022-07-26,12485.64537019611,11079.060334768845
2022-07-27,12485.64537019611,11079.060334768845
2022-07-28,12485.64537019611,11079.060334768845
2022-07-29,12485.64537019611,11079.060334768845
2022-08-01,12485.64537019611,11079.060334768845
2022-08-02,12485.64537019611,11079.060334768845
2022-08-03,12485.64537019611,11079.060334768845
2022-08-04,12485.64537019611,11079.060334768845
2022-08-05,12485.64537019611,11079.060334768845
2022-08-08,12485.64537019611,11079.060334768845
2022-08-09,12485.64537019611,11079.060334768845
2022-08-10,12485.64537019611,11314.26095171415
2022-08-11,12485.64537019611,11276.556778599675
2022-08-12,12485.64537019611,11804.431709909804
2022-08-15,12485.64537019611,11856.639896354545
2022-08-16,12485.64537019611,11664.881519837425
2022-08-17,12485.64537019611,11664.881519837425
2022-08-18,12485.64537019611,11664.881519837425
2022-08-19,12485.64537019611,11664.881519837425
2022-08-22,12485.64537019611,11664.881519837425
2022-08-23,12570.693709841507,11744.33907096975
2022-08-24,12599.905899884041,11771.630951019022
2022-08-25,13297.3214972333,12423.200819612686
2022-08-26,12077.754485072997,11283.80399385384
2022-08-29,11731.012964021458,10961.413163430356
2022-08-30,11731.012964021458,10961.413163430356
2022-08-31,11731.012964021458,10961.413163430356
2022-09-01,11731.012964021458,10961.413163430356
2022-09-02,11731.012964021458,10961.413163430356
2022-09-06,11731.012964021458,10961.413163430356
2022-09-07,11731.012964021458,10961.413163430356
2022-09-08,11731.012964021458,10961.413163430356
2022-09-09,11731.012964021458,10961.413163430356
2022-09-12,11731.012964021458,10961.413163430356
2022-09-13,11731.012964021458,10961.413163430356
2022-09-14,11731.012964021458,10961.413163430356
2022-09-15,11731.012964021458,10961.413163430356
2022-09-16,11731.012964021458,10961.413163430356
2022-09-19,11731.012964021458,10961.413163430356
2022-09-20,11731.012964021458,10961.413163430356
2022-09-21,11731.012964021458,10961.413163430356
2022-09-22,11731.012964021458,10961.413163430356
2022-09-23,11731.012964021458,10961.413163430356
2022-09-26,11731.012964021458,10961.413163430356
2022-09-27,11731.012964021458,10961.413163430356
2022-09-28,11731.012964021458,10961.413163430356
2022-09-29,11731.012964021458,10961.413163430356
2022-09-30,11731.012964021458,10961.413163430356
2022-10-03,11731.012964021458,10961.413163430356
2022-10-04,11731.012964021458,10961.413163430356
2022-10-05,11731.012964021458,10961.413163430356
2022-10-06,11731.012964021458,10961.413163430356
2022-10-07,11731.012964021458,10961.413163430356
2022-10-10,11731.012964021458,10961.413163430356
2022-10-11,11731.012964021458,10961.413163430356
2022-10-12,11731.012964021458,10961.413163430356
2022-10-13,11731.012964021458,10961.413163430356
2022-10-14,11731.012964021458,10961.413163430356
2022-10-17,11731.012964021458,10961.413163430356
2022-10-18,11731.012964021458,10961.413163430356
2022-10-19,11731.012964021458,10961.413163430356
2022-10-20,11731.012964021458,10961.413163430356
2022-10-21,11731.012964021458,10961.413163430356
2022-10-24,11731.012964021458,10961.413163430356
2022-10-25,11731.012964021458,10961.413163430356
2022-10-26,11731.012964021458,10961.413163430356
2022-10-27,11731.012964021458,10961.413163430356
2022-10-28,11731.012964021458,10961.413163430356
2022-10-31,11731.012964021458,10961.413163430356
2022-11-01,11731.012964021458,10961.413163430356
2022-11-02,11731.012964021458,10961.413163430356
2022-11-03,11731.012964021458,10961.413163430356
2022-11-04,11731.012964021458,10961.413163430356
2022-11-07,11731.012964021458,10961.413163430356
2022-11-08,11731.012964021458,10961.413163430356
2022-11-09,11731.012964021458,10961.413163430356
2022-11-10,11731.012964021458,10961.413163430356
2022-11-11,11731.012964021458,10961.413163430356
2022-11-14,11731.012964021458,10961.413163430356
2022-11-15,11731.012964021458,10961.413163430356
2022-11-16,11731.012964021458,10961.413163430356
2022-11-17,11731.012964021458,10961.413163430356
2022-11-18,11731.012964021458,10961.413163430356
2022-11-21,11731.012964021458,10961.413163430356
2022-11-22,11731.012964021458,10961.413163430356
2022-11-23,11731.012964021458,10961.413163430356
2022-11-25,11731.012964021458,10961.413163430356
2022-11-28,11731.012964021458,10961.413163430356
2022-11-29,11731.012964021458,10961.413163430356
2022-11-30,11731.012964021458,10961.413163430356
2022-12-01,11731.012964021458,10961.413163430356
2022-12-02,11731.012964021458,10961.413163430356
2022-12-05,11731.012964021458,10961.413163430356
2022-12-06,11731.012964021458,10961.413163430356
2022-12-07,11731.012964021458,10961.413163430356
2022-12-08,11731.012964021458,10961.413163430356
2022-12-09,11731.012964021458,10961.413163430356
2022-12-12,11731.012964021458,10961.413163430356
2022-12-13,11731.012964021458,10961.413163430356
2022-12-14,11731.012964021458,10961.413163430356
2022-12-15,11731.012964021458,10961.413163430356
2022-12-16,11731.012964021458,10961.413163430356
2022-12-19,11731.012964021458,10961.413163430356
2022-12-20,11731.012964021458,10961.413163430356
2022-12-21,11731.012964021458,10961.413163430356
2022-12-22,11731.012964021458,10961.413163430356
2022-12-23,11731.012964021458,10961.413163430356
2022-12-27,11731.012964021458,10961.413163430356
2022-12-28,11731.012964021458,10961.413163430356
2022-12-29,11731.012964021458,10961.413163430356
2022-12-30,11731.012964021458,10961.413163430356
2023-01-03,11731.012964021458,10961.413163430356
2023-01-04,11731.012964021458,10961.413163430356
2023-01-05,11731.012964021458,10961.413163430356
2023-01-06,11731.012964021458,10961.413163430356
2023-01-09,11731.012964021458,10961.413163430356
2023-01-10,11731.012964021458,10961.413163430356
2023-01-11,11731.012964021458,10961.413163430356
2023-01-12,11731.012964021458,10961.413163430356
2023-01-13,11731.012964021458,10961.413163430356
2023-01-17,11731.012964021458,10961.413163430356
2023-01-18,11731.012964021458,10961.413163430356
2023-01-19,11731.012964021458,10961.413163430356
2023-01-20,11731.012964021458,10961.413163430356
2023-01-23,11731.012964021458,10961.413163430356
2023-01-24,11731.012964021458,10961.413163430356
2023-01-25,11731.012964021458,10961.413163430356
2023-01-26,11731.012964021458,10961.413163430356
2023-01-27,11731.012964021458,10961.413163430356
2023-01-30,11731.012964021458,10961.413163430356
2023-01-31,11731.012964021458,10961.413163430356
2023-02-01,11731.012964021458,10961.413163430356
2023-02-02,11731.012964021458,10961.413163430356
2023-02-03,11731.012964021458,10961.413163430356
2023-02-06,11731.012964021458,10961.413163430356
2023-02-07,11731.012964021458,10961.413163430356
2023-02-08,11731.012964021458,10961.413163430356
2023-02-09,11731.012964021458,10961.413163430356
2023-02-10,11731.012964021458,10961.413163430356
2023-02-13,11731.012964021458,10961.413163430356
2023-02-14,11731.012964021458,10961.413163430356
2023-02-15,11731.012964021458,10961.413163430356
2023-02-16,11731.012964021458,10961.413163430356
2023-02-17,11731.012964021458,10961.413163430356
2023-02-21,11731.012964021458,10961.413163430356
2023-02-22,11731.012964021458,10961.413163430356
2023-02-23,11731.012964021458,10961.413163430356
2023-02-24,11731.012964021458,10961.413163430356
2023-02-27,11731.012964021458,10961.413163430356
2023-02-28,11731.012964021458,10961.413163430356
2023-03-01,11731.012964021458,10961.413163430356
2023-03-02,11731.012964021458,10961.413163430356
2023-03-03,11731.012964021458,10961.413163430356
2023-03-06,11731.012964021458,10961.413163430356
2023-03-07,11731.012964021458,10961.413163430356
2023-03-08,11731.012964021458,10961.413163430356
2023-03-09,11731.012964021458,10961.413163430356
2023-03-10,11731.012964021458,10961.413163430356
2023-03-13,11731.012964021458,10961.413163430356
2023-03-14,11731.012964021458,10961.413163430356
2023-03-15,11731.012964021458,10961.413163430356
2023-03-16,11731.012964021458,10961.413163430356
2023-03-17,11731.012964021458,10961.413163430356
2023-03-20,11731.012964021458,10961.413163430356
2023-03-21,11731.012964021458,10961.413163430356
2023-03-22,11731.012964021458,10961.413163430356
2023-03-23,11731.012964021458,10961.413163430356
2023-03-24,11731.012964021458,10961.413163430356
2023-03-27,11731.012964021458,10961.413163430356
2023-03-28,11731.012964021458,10961.413163430356
2023-03-29,11731.012964021458,10961.413163430356
2023-03-30,11731.012964021458,10961.413163430356
2023-03-31,11731.012964021458,10961.413163430356
2023-04-03,11731.012964021458,10961.413163430356
2023-04-04,11731.012964021458,10961.413163430356
2023-04-05,11731.012964021458,10961.413163430356
2023-04-06,11731.012964021458,10961.413163430356
2023-04-10,11731.012964021458,10961.413163430356
2023-04-11,11731.012964021458,10961.413163430356
2023-04-12,11731.012964021458,10961.413163430356
2023-04-13,11731.012964021458,10961.413163430356
2023-04-14,11731.012964021458,10961.413163430356
2023-04-17,11731.012964021458,10961.413163430356
2023-04-18,11731.012964021458,10961.413163430356
2023-04-19,11731.012964021458,10961.413163430356
2023-04-20,11731.012964021458,11107.719137217624
2023-04-21,11731.012964021458,10981.850697829599
2023-04-24,11731.012964021458,10896.706445585562
2023-04-25,11731.012964021458,10367.322274313176
2023-04-26,11617.59739052676,10425.306404249575
2023-04-27,11690.736248602834,10425.306404249575
2023-04-28,11987.589755340612,10425.306404249575
2023-05-01,12172.586147082937,10425.306404249575
2023-05-02,12033.043596883554,10425.306404249575
2023-05-03,12033.043596883554,10425.306404249575
2023-05-04,12033.043596883554,10425.306404249575
2023-05-05,12033.043596883554,10425.306404249575
2023-05-08,12033.043596883554,10425.306404249575
2023-05-09,12033.043596883554,10425.306404249575
2023-05-10,12033.043596883554,10425.306404249575
2023-05-11,12033.043596883554,10425.306404249575
2023-05-12,12033.043596883554,10425.306404249575
2023-05-15,12033.043596883554,10425.306404249575
2023-05-16,12033.043596883554,10425.306404249575
2023-05-17,12033.043596883554,10425.306404249575
2023-05-18,12033.043596883554,10425.306404249575
2023-05-19,12033.043596883554,10425.306404249575
2023-05-22,12033.043596883554,10425.306404249575
2023-05-23,12033.043596883554,10425.306404249575
2023-05-24,12033.043596883554,10425.306404249575
2023-05-25,12033.043596883554,10703.984979981784
2023-05-26,12033.043596883554,11773.576480310869
2023-05-30,12033.043596883554,11770.708927813826
2023-05-31,12033.043596883554,11277.493246963144
2023-06-01,12033.043596883554,11560.759913671394
2023-06-02,12033.043596883554,11560.759913671394
2023-06-05,12033.043596883554,11560.759913671394
2023-06-06,12033.043596883554,11560.759913671394
2023-06-07,12033.043596883554,11560.759913671394
2023-06-08,12033.043596883554,11560.759913671394
2023-06-09,12033.043596883554,11560.759913671394
2023-06-12,12033.043596883554,11560.759913671394
2023-06-13,12033.043596883554,11560.759913671394
2023-06-14,12033.043596883554,11560.759913671394
2023-06-15,12033.043596883554,11560.759913671394
2023-06-16,12033.043596883554,11560.759913671394
2023-06-20,12033.043596883554,11560.759913671394
2023-06-21,12033.043596883554,11560.759913671394
2023-06-22,12033.043596883554,11767.515581211042
2023-06-23,12033.043596883554,11453.90292129371
2023-06-26,12033.043596883554,11505.739549758498
2023-06-27,12033.043596883554,12096.67802086169
2023-06-28,12033.043596883554,11922.060897746833
2023-06-29,12033.043596883554,11922.060897746833
2023-06-30,12033.043596883554,11922.060897746833
2023-07-03,12033.043596883554,11922.060897746833
2023-07-05,12033.043596883554,11922.060897746833
2023-07-06,12033.043596883554,11922.060897746833
2023-07-07,12033.043596883554,11922.060897746833
2023-07-10,12033.043596883554,11922.060897746833
2023-07-11,12033.043596883554,11922.060897746833
2023-07-12,12033.043596883554,11922.060897746833
2023-07-13,12033.043596883554,11922.060897746833
2023-07-14,12033.043596883554,11922.060897746833
2023-07-17,12033.043596883554,11922.060897746833
2023-07-18,12033.043596883554,11922.060897746833
2023-07-19,12033.043596883554,11922.060897746833
2023-07-20,12033.043596883554,11922.060897746833
2023-07-21,12033.043596883554,11894.676086772273
2023-07-24,12033.043596883554,11889.913380268084
2023-07-25,12033.043596883554,12182.785820858884
2023-07-26,12033.043596883554,11928.010405170055
2023-07-27,12033.043596883554,12255.0611242651
2023-07-28,12033.043596883554,12255.061124265098
2023-07-31,12033.043596883554,12255.061124265098
2023-08-01,12033.043596883554,12255.061124265098
2023-08-02,12033.043596883554,12255.061124265098
2023-08-03,12033.043596883554,12255.061124265098
2023-08-04,12033.043596883554,12255.061124265098
2023-08-07,12033.043596883554,12255.061124265098
2023-08-08,12033.043596883554,12255.061124265098
2023-08-09,12033.043596883554,12255.061124265098
2023-08-10,12033.043596883554,12255.061124265098
2023-08-11,12033.043596883554,12255.061124265098
2023-08-14,12033.043596883554,12255.061124265098
2023-08-15,12033.043596883554,12255.061124265098
2023-08-16,12033.043596883554,12255.061124265098
2023-08-17,12033.043596883554,12255.061124265098
2023-08-18,12033.043596883554,12255.061124265098
2023-08-21,12033.043596883554,12255.061124265098
2023-08-22,12033.043596883554,12255.061124265098
2023-08-23,12033.043596883554,12255.061124265098
2023-08-24,12033.043596883554,12255.061124265098
2023-08-25,12033.043596883554,12255.061124265098
2023-08-28,12033.043596883554,12255.061124265098
2023-08-29,12033.043596883554,12255.061124265098
2023-08-30,12033.043596883554,12255.061124265098
2023-08-31,12033.043596883554,12255.061124265098
2023-09-01,12033.043596883554,12255.061124265098
2023-09-05,12033.043596883554,12255.061124265098
2023-09-06,12033.043596883554,12255.061124265098
2023-09-07,12033.043596883554,12255.061124265098
2023-09-08,12033.043596883554,12255.061124265098
2023-09-11,12033.043596883554,12255.061124265098
2023-09-12,12033.043596883554,12255.061124265098
2023-09-13,12033.043596883554,12255.061124265098
2023-09-14,12033.043596883554,12255.061124265098
2023-09-15,12033.043596883554,12255.061124265098
2023-09-18,12033.043596883554,12255.061124265098
2023-09-19,12033.043596883554,12255.061124265098
2023-09-20,12033.043596883554,12255.061124265098
2023-09-21,12033.043596883554,12255.061124265098
2023-09-22,12033.043596883554,12255.061124265098
2023-09-25,12033.043596883554,12255.061124265098
2023-09-26,12033.043596883554,12255.061124265098
2023-09-27,12033.043596883554,12255.061124265098
2023-09-28,12033.043596883554,12255.061124265098
2023-09-29,12033.043596883554,12255.061124265098
2023-10-02,12033.043596883554,12255.061124265098
2023-10-03,12033.043596883554,12255.061124265098
2023-10-04,12033.043596883554,12255.061124265098
2023-10-05,12033.043596883554,12255.061124265098
2023-10-06,12033.043596883554,12255.061124265098
2023-10-09,12033.043596883554,12255.061124265098
2023-10-10,12033.043596883554,12255.061124265098
2023-10-11,12033.043596883554,12255.061124265098
2023-10-12,12033.043596883554,12255.061124265098
2023-10-13,12033.043596883554,12255.061124265098
2023-10-16,12033.043596883554,12255.061124265098
2023-10-17,12033.043596883554,12255.061124265098
2023-10-18,12033.043596883554,12255.061124265098
2023-10-19,12033.043596883554,12255.061124265098
2023-10-20,12033.043596883554,12255.061124265098
2023-10-23,12033.043596883554,12255.061124265098
2023-10-24,12033.043596883554,12255.061124265098
2023-10-25,12033.043596883554,12255.061124265098
2023-10-26,12033.043596883554,12255.061124265098
2023-10-27,12033.043596883554,12255.061124265098
2023-10-30,12033.043596883554,12255.061124265098
2023-10-31,12033.043596883554,12255.061124265098
2023-11-01,12033.043596883554,12255.061124265098
2023-11-02,12033.043596883554,12255.061124265098
2023-11-03,12033.043596883554,12255.061124265098
2023-11-06,12033.043596883554,12255.061124265098
2023-11-07,12033.043596883554,12255.061124265098
2023-11-08,12033.043596883554,12255.061124265098
2023-11-09,12033.043596883554,12255.061124265098
2023-11-10,12033.043596883554,12255.061124265098
2023-11-13,12033.043596883554,12255.061124265098
2023-11-14,12033.043596883554,12255.061124265098
2023-11-15,12033.043596883554,12255.061124265098
2023-11-16,12033.043596883554,12255.061124265098
2023-11-17,12033.043596883554,12255.061124265098
2023-11-20,12033.043596883554,12255.061124265098
2023-11-21,12033.043596883554,12255.061124265098
2023-11-22,12033.043596883554,12255.061124265098
2023-11-24,12033.043596883554,12255.061124265098
2023-11-27,12033.043596883554,12255.061124265098
2023-11-28,12033.043596883554,12255.061124265098
2023-11-29,12033.043596883554,12186.316660850873
2023-11-30,12033.043596883554,12079.335507253436
2023-12-01,12033.043596883554,12147.17751073854
2023-12-04,12033.043596883554,11948.871673545664
2023-12-05,12033.043596883554,11843.995555322528
2023-12-06,12033.043596883554,11843.995555322528
2023-12-07,12033.043596883554,11843.995555322528
2023-12-08,12033.043596883554,11843.995555322528
2023-12-11,12033.043596883554,11843.995555322528
2023-12-12,12033.043596883554,11843.995555322528
2023-12-13,12033.043596883554,11843.995555322528
2023-12-14,12033.043596883554,11843.995555322528
2023-12-15,12033.043596883554,11843.995555322528
2023-12-18,12033.043596883554,11843.995555322528
2023-12-19,12033.043596883554,11843.995555322528
2023-12-20,12033.043596883554,11843.995555322528
2023-12-21,12033.043596883554,11939.498062501385
2023-12-22,12033.043596883554,11989.21360463273
2023-12-26,12033.043596883554,12317.332256329682
2023-12-27,12033.043596883554,12355.115098305167
2023-12-28,12033.043596883554,12322.855766540264
2023-12-29,12033.043596883554,12322.855766540264
2024-01-02,12033.043596883554,12322.855766540264
2024-01-03,12033.043596883554,12237.99445350709
2024-01-04,12033.043596883554,12082.89751819291
2024-01-05,12033.043596883554,12163.917623118678
2024-01-08,12033.043596883554,12742.638547587361
2024-01-09,12033.043596883554,12733.744331202812
2024-01-10,12033.043596883554,12733.74433120281
2024-01-11,12033.043596883554,12733.74433120281
2024-01-12,12033.043596883554,12733.74433120281
2024-01-16,12033.043596883554,12733.74433120281
2024-01-17,12033.043596883554,12733.74433120281
2024-01-18,12033.043596883554,12733.74433120281
2024-01-19,12033.043596883554,12733.74433120281
2024-01-22,12033.043596883554,12733.74433120281
2024-01-23,12033.043596883554,12733.74433120281
2024-01-24,12033.043596883554,12733.74433120281
2024-01-25,12033.043596883554,12733.74433120281
2024-01-26,12033.043596883554,12733.74433120281
2024-01-29,12033.043596883554,12733.74433120281
2024-01-30,12033.043596883554,12733.74433120281
2024-01-31,12033.043596883554,12733.74433120281
2024-02-01,12033.043596883554,12733.74433120281
2024-02-02,12033.043596883554,12733.74433120281
2024-02-05,12033.043596883554,12733.74433120281
2024-02-06,12033.043596883554,12733.74433120281
2024-02-07,12033.043596883554,12733.74433120281
2024-02-08,12033.043596883554,12733.74433120281
2024-02-09,12033.043596883554,12733.74433120281
2024-02-12,12033.043596883554,12733.74433120281
2024-02-13,12033.043596883554,12733.74433120281
2024-02-14,12033.043596883554,12733.74433120281
2024-02-15,12033.043596883554,12733.74433120281
2024-02-16,12033.043596883554,12733.74433120281
2024-02-20,12033.043596883554,12733.74433120281
2024-02-21,12033.043596883554,12733.74433120281
2024-02-22,12033.043596883554,12733.74433120281
2024-02-23,12033.043596883554,12733.74433120281
2024-02-26,12033.043596883554,12733.74433120281
2024-02-27,12033.043596883554,12733.74433120281
2024-02-28,12033.043596883554,12733.74433120281
2024-02-29,12033.043596883554,12733.74433120281
2024-03-01,12033.043596883554,12733.74433120281
2024-03-04,12033.043596883554,12733.74433120281
2024-03-05,12033.043596883554,12733.74433120281
2024-03-06,12033.043596883554,12733.74433120281
2024-03-07,12033.043596883554,12733.74433120281
2024-03-08,12033.043596883554,12733.74433120281
2024-03-11,12033.043596883554,12733.74433120281
2024-03-12,12033.043596883554,12733.74433120281
2024-03-13,12033.043596883554,12733.74433120281
2024-03-14,12033.043596883554,12733.74433120281
2024-03-15,12033.043596883554,12733.74433120281
2024-03-18,12033.043596883554,12733.74433120281
2024-03-19,12033.043596883554,12733.74433120281
2024-03-20,12033.043596883554,12733.74433120281
2024-03-21,12033.043596883554,12733.74433120281
2024-03-22,12033.043596883554,12733.74433120281
2024-03-25,12033.043596883554,12733.74433120281
2024-03-26,12033.043596883554,12733.74433120281
2024-03-27,12033.043596883554,12733.74433120281
2024-03-28,12033.043596883554,12733.74433120281
2024-04-01,12033.043596883554,12733.74433120281
2024-04-02,12033.043596883554,12733.74433120281
2024-04-03,12033.043596883554,12733.74433120281
2024-04-04,12033.043596883554,12733.74433120281
2024-04-05,12033.043596883554,12733.74433120281
2024-04-08,12033.043596883554,12733.74433120281
2024-04-09,12033.043596883554,12733.74433120281
2024-04-10,12033.043596883554,12733.74433120281
2024-04-11,12033.043596883554,12733.74433120281
2024-04-12,12033.043596883554,12733.74433120281
2024-04-15,12033.043596883554,12733.74433120281
2024-04-16,12033.043596883554,12733.74433120281
2024-04-17,12033.043596883554,12733.74433120281
2024-04-18,12033.043596883554,12733.74433120281
2024-04-19,12033.043596883554,12733.74433120281
2024-04-22,12033.043596883554,12733.74433120281
2024-04-23,12033.043596883554,12733.74433120281
2024-04-24,12033.043596883554,12733.74433120281
2024-04-25,12033.043596883554,12733.74433120281
2024-04-26,12033.043596883554,12733.74433120281
2024-04-29,12033.043596883554,12733.74433120281
2024-04-30,12033.043596883554,12733.74433120281
2024-05-01,12033.043596883554,12733.74433120281
2024-05-02,12033.043596883554,12733.74433120281
2024-05-03,12033.043596883554,12733.74433120281
2024-05-06,12033.043596883554,12733.74433120281
2024-05-07,12033.043596883554,12733.74433120281
2024-05-08,12033.043596883554,12733.74433120281
2024-05-09,12033.043596883554,12733.74433120281
2024-05-10,12033.043596883554,12733.74433120281
2024-05-13,12033.043596883554,12733.74433120281
2024-05-14,12033.043596883554,12733.74433120281
2024-05-15,12033.043596883554,12733.74433120281
2024-05-16,12033.043596883554,12733.74433120281
2024-05-17,12033.043596883554,12733.74433120281
2024-05-20,12033.043596883554,12733.74433120281
2024-05-21,12033.043596883554,12733.74433120281
2024-05-22,12033.043596883554,12733.74433120281
2024-05-23,12033.043596883554,12733.74433120281
2024-05-24,12033.043596883554,12733.74433120281
2024-05-28,12033.043596883554,12733.74433120281
2024-05-29,12033.043596883554,12733.74433120281
2024-05-30,12033.043596883554,12733.74433120281
2024-05-31,12033.043596883554,12733.74433120281
2024-06-03,12033.043596883554,12733.74433120281
2024-06-04,12033.043596883554,12733.74433120281
2024-06-05,12033.043596883554,12733.74433120281
2024-06-06,12033.043596883554,12733.74433120281
2024-06-07,12033.043596883554,12733.74433120281
2024-06-10,12033.043596883554,12733.74433120281
2024-06-11,12033.043596883554,12733.74433120281
2024-06-12,12033.043596883554,12733.74433120281
2024-06-13,12033.043596883554,12733.74433120281
2024-06-14,12033.043596883554,12733.74433120281
2024-06-17,12033.043596883554,12733.74433120281
2024-06-18,12033.043596883554,12733.74433120281
2024-06-20,12033.043596883554,12733.74433120281
2024-06-21,12033.043596883554,12733.74433120281
2024-06-24,12033.043596883554,12733.74433120281
2024-06-25,12033.043596883554,12733.74433120281
2024-06-26,12033.043596883554,12733.74433120281
2024-06-27,12033.043596883554,12733.74433120281
2024-06-28,12033.043596883554,12733.74433120281
2024-07-01,12033.043596883554,12733.74433120281
2024-07-02,12033.043596883554,12733.74433120281
2024-07-03,12033.043596883554,12733.74433120281
2024-07-05,12033.043596883554,12733.74433120281
2024-07-08,12033.043596883554,12733.74433120281
2024-07-09,12033.043596883554,12733.74433120281
2024-07-10,12033.043596883554,12733.74433120281
2024-07-11,12033.043596883554,12733.74433120281
2024-07-12,12033.043596883554,12733.74433120281
2024-07-15,12033.043596883554,12733.74433120281
2024-07-16,12033.043596883554,12733.74433120281
2024-07-17,12033.043596883554,12733.74433120281
2024-07-18,12033.043596883554,12433.785607221165
2024-07-19,12033.043596883554,11886.518219055426
2024-07-22,12372.892809688188,12582.93339683321
2024-07-23,12084.675969862506,12301.078621355391
2024-07-24,11305.766441887912,11399.979524486722
2024-07-25,11305.76644188791,11399.979524486722
2024-07-26,11305.76644188791,11399.979524486722
2024-07-29,11305.76644188791,11399.979524486722
2024-07-30,11305.76644188791,11399.979524486722
2024-07-31,11305.76644188791,11399.979524486722
2024-08-01,11305.76644188791,11399.979524486722
2024-08-02,11305.76644188791,11399.979524486722
2024-08-05,11305.76644188791,11399.979524486722
2024-08-06,11305.76644188791,11399.979524486722
2024-08-07,11305.76644188791,11399.979524486722
2024-08-08,11305.76644188791,11399.979524486722
2024-08-09,11305.76644188791,11399.979524486722
2024-08-12,11305.76644188791,11399.979524486722
2024-08-13,11305.76644188791,11399.979524486722
2024-08-14,11305.76644188791,11399.979524486722
2024-08-15,11305.76644188791,11399.979524486722
2024-08-16,11305.76644188791,11399.979524486722
2024-08-19,11305.76644188791,11399.979524486722
2024-08-20,11305.76644188791,11399.979524486722
2024-08-21,11305.76644188791,11399.979524486722
2024-08-22,11305.76644188791,11399.979524486722
2024-08-23,11305.76644188791,11574.595136170148
2024-08-26,11305.76644188791,11133.99852716113
2024-08-27,11305.76644188791,11296.860388072779
2024-08-28,11305.76644188791,11022.032855811087
2024-08-29,11305.76644188791,10957.152033133138
2024-08-30,11305.76644188791,10957.152033133138
2024-09-03,11305.76644188791,10957.152033133138
2024-09-04,11305.76644188791,10957.152033133138
2024-09-05,11305.76644188791,10957.152033133138
2024-09-06,11305.76644188791,10957.152033133138
2024-09-09,11305.76644188791,10957.152033133138
2024-09-10,11305.76644188791,10957.152033133138
2024-09-11,11305.76644188791,10957.152033133138
2024-09-12,11305.76644188791,10957.152033133138
2024-09-13,11305.76644188791,10957.152033133138
2024-09-16,11305.76644188791,10957.152033133138
2024-09-17,11305.76644188791,10957.152033133138
2024-09-18,11305.76644188791,10957.152033133138
2024-09-19,11305.76644188791,10957.152033133138
2024-09-20,11305.76644188791,10957.152033133138
2024-09-23,11305.76644188791,10957.152033133138
2024-09-24,11305.76644188791,10957.152033133138
2024-09-25,11305.76644188791,10957.152033133138
2024-09-26,11305.76644188791,10957.152033133138
2024-09-27,11305.76644188791,10957.152033133138
2024-09-30,11305.76644188791,10957.152033133138
2024-10-01,11305.76644188791,10957.152033133138
2024-10-02,11305.76644188791,10957.152033133138
2024-10-03,11305.76644188791,10957.152033133138
2024-10-04,11305.76644188791,10957.152033133138
2024-10-07,11305.76644188791,10957.152033133138
2024-10-08,11305.76644188791,10957.152033133138
2024-10-09,11305.76644188791,10957.152033133138
2024-10-10,11305.76644188791,10957.152033133138
2024-10-11,11305.76644188791,10957.152033133138
2024-10-14,11305.76644188791,10957.152033133138
2024-10-15,11305.76644188791,10957.152033133138
2024-10-16,11305.76644188791,10754.187803803048
2024-10-17,11305.76644188791,10869.00803964106
2024-10-18,11305.76644188791,10878.193705668496
2024-10-21,11305.76644188791,10850.63729709113
2024-10-22,11305.76644188791,10784.08870006788
2024-10-23,11305.76644188791,10784.08870006788
2024-10-24,11305.76644188791,10733.5275027661
2024-10-25,11305.76644188791,10887.744209870407
2024-10-28,11305.76644188791,10898.647821659231
2024-10-29,11305.76644188791,11308.332829947347
2024-10-30,11305.76644188791,10684.61398845565
2024-10-31,11305.76644188791,10684.61398845565
2024-11-01,11325.880352117909,10703.622816181804
2024-11-04,11237.556027625658,10620.151136677232
2024-11-05,11427.085004656516,10799.267162964385
2024-11-06,11931.268878422612,11275.750566197985
2024-11-07,12309.185576680846,11632.90406494005
2024-11-08,12309.185576680844,11632.90406494005
2024-11-11,12309.185576680844,11632.90406494005
2024-11-12,12309.185576680844,11632.90406494005
2024-11-13,12309.185576680844,11632.90406494005
2024-11-14,12309.185576680844,11632.90406494005
2024-11-15,12309.185576680844,11632.90406494005
2024-11-18,12526.407417784669,11632.90406494005
2024-11-19,12567.857330110615,11632.90406494005
2024-11-20,12402.055907377846,11632.90406494005
2024-11-21,12715.235485825247,11632.90406494005
2024-11-22,12708.674843127763,11632.90406494005
2024-11-25,12708.674843127765,11632.90406494005
2024-11-26,12708.674843127765,11632.90406494005
2024-11-27,12708.674843127765,11632.90406494005
2024-11-29,12708.674843127765,11734.658887123072
2024-12-02,12708.674843127765,12186.011625423458
2024-12-03,12708.674843127765,12086.882713144878
2024-12-04,12708.674843127765,12329.431954723224
2024-12-05,12708.674843127765,11952.084550583542
2024-12-06,12708.674843127765,11952.084550583544
2024-12-09,12708.674843127765,11952.084550583544
2024-12-10,12708.674843127765,11952.084550583544
2024-12-11,12708.674843127765,12112.593917805298
2024-12-12,12708.674843127765,11973.509416213006
2024-12-13,12708.674843127765,12445.552568075462
2024-12-16,12708.674843127765,12826.979248357571
2024-12-17,12708.674843127765,12529.606886289988
2024-12-18,12708.674843127765,12529.606886289988
2024-12-19,12708.674843127765,12529.606886289988
2024-12-20,13066.192909649126,12529.606886289988
2024-12-23,13649.778885012987,12529.606886289988
2024-12-24,13869.208919586497,12529.606886289988
2024-12-26,13971.917122534665,12529.606886289988
2024-12-27,13971.917122534664,12529.606886289988
2024-12-30,13971.917122534664,12529.606886289988
2024-12-31,13971.917122534664,12325.826606425186
2025-01-02,13971.917122534664,12405.723305448513
2025-01-03,13971.917122534664,12882.881460127714
2025-01-06,13971.917122534664,13475.446336583886
2025-01-07,13971.917122534664,13171.140693340185
2025-01-08,13971.917122534664,13171.140693340185
2025-01-10,13971.917122534664,13171.140693340185
2025-01-13,13971.917122534664,13171.140693340185
2025-01-14,13971.917122534664,13171.140693340185
2025-01-15,13971.917122534664,13171.140693340185
2025-01-16,13971.917122534664,13171.140693340185
2025-01-17,13971.917122534664,13171.140693340185
2025-01-21,13971.917122534664,13171.140693340185
2025-01-22,13971.917122534664,13171.140693340185
2025-01-23,13971.917122534664,13171.140693340185
2025-01-24,13971.917122534664,13171.140693340185
2025-01-27,13971.917122534664,13171.140693340185
2025-01-28,13971.917122534664,13171.140693340185
2025-01-29,13971.917122534664,13171.140693340185
2025-01-30,13971.917122534664,13171.140693340185
2025-01-31,13971.917122534664,13171.140693340185
2025-02-03,13971.917122534664,13171.140693340185
2025-02-04,13971.917122534664,13171.140693340185
2025-02-05,13971.917122534664,13171.140693340185
2025-02-06,13971.917122534664,13171.140693340185
2025-02-07,13971.917122534664,13171.140693340185
2025-02-10,13971.917122534664,13171.140693340185
2025-02-11,13971.917122534664,13171.140693340185
2025-02-12,13971.917122534664,13171.140693340185
2025-02-13,13971.917122534664,13171.140693340185
2025-02-14,13971.917122534664,13171.140693340185
2025-02-18,13971.917122534664,13171.140693340185
2025-02-19,13971.917122534664,13171.140693340185
2025-02-20,13971.917122534664,13171.140693340185
2025-02-21,13971.917122534664,13171.140693340185
2025-02-24,13971.917122534664,13171.140693340185
2025-02-25,13971.917122534664,13171.140693340185
2025-02-26,13971.917122534664,13171.140693340185
2025-02-27,13971.917122534664,13171.140693340185
2025-02-28,13971.917122534664,13171.140693340185
2025-03-03,13971.917122534664,13171.140693340185
2025-03-04,13971.917122534664,13171.140693340185
2025-03-05,13971.917122534664,13171.140693340185
2025-03-06,13971.917122534664,13171.140693340185
2025-03-07,13971.917122534664,13171.140693340185
2025-03-10,13971.917122534664,13171.140693340185
2025-03-11,13971.917122534664,13171.140693340185
2025-03-12,13971.917122534664,13171.140693340185
2025-03-13,13971.917122534664,13171.140693340185
2025-03-14,13971.917122534664,13171.140693340185
2025-03-17,13971.917122534664,13171.140693340185
2025-03-18,13971.917122534664,13171.140693340185
2025-03-19,13971.917122534664,13171.140693340185
2025-03-20,13971.917122534664,13171.140693340185
2025-03-21,13971.917122534664,13171.140693340185
2025-03-24,13971.917122534664,13171.140693340185
2025-03-25,13971.917122534664,13171.140693340185
2025-03-26,13971.917122534664,13171.140693340185
2025-03-27,13971.917122534664,13171.140693340185
2025-03-28,13971.917122534664,13171.140693340185
2025-03-31,13971.917122534664,13171.140693340185
2025-04-01,13971.917122534664,13171.140693340185
2025-04-02,13971.917122534664,13171.140693340185
2025-04-03,13971.917122534664,13171.140693340185
2025-04-04,13971.917122534664,13171.140693340185
2025-04-07,13971.917122534664,13171.140693340185
2025-04-08,13971.917122534664,13171.140693340185
2025-04-09,13971.917122534664,13171.140693340185
2025-04-10,13971.917122534664,13171.140693340185
2025-04-11,13971.917122534664,13171.140693340185
2025-04-14,13971.917122534664,13171.140693340185
2025-04-15,13971.917122534664,13171.140693340185
2025-04-16,13971.917122534664,13171.140693340185
2025-04-17,13971.917122534664,13171.140693340185
2025-04-21,13971.917122534664,13171.140693340185
2025-04-22,13971.917122534664,13171.140693340185
2025-04-23,13971.917122534664,13171.140693340185
2025-04-24,13971.917122534664,13171.140693340185
2025-04-25,13971.917122534664,13171.140693340185
2025-04-28,13971.917122534664,13171.140693340185
2025-04-29,13971.917122534664,13171.140693340185
2025-04-30,13971.917122534664,13171.140693340185
2025-05-01,13971.917122534664,13171.140693340185
2025-05-02,13971.917122534664,13171.140693340185
2025-05-05,13971.917122534664,13171.140693340185
2025-05-06,13971.917122534664,13171.140693340185
2025-05-07,13971.917122534664,13171.140693340185
2025-05-08,13971.917122534664,13171.140693340185
2025-05-09,13971.917122534664,13171.140693340185
2025-05-12,13971.917122534664,13171.140693340185
2025-05-13,13971.917122534664,13171.140693340185
2025-05-14,13971.917122534664,13171.140693340185
2025-05-15,13971.917122534664,13171.140693340185
2025-05-16,13971.917122534664,13171.140693340185
2025-05-19,13971.917122534664,13171.140693340185
2025-05-20,13971.917122534664,13171.140693340185
2025-05-21,13971.917122534664,13171.140693340185
2025-05-22,13971.917122534664,12986.227575723784
2025-05-23,13971.917122534664,12683.8340403666
2025-05-27,13971.917122534664,13288.621111080965
2025-05-28,13971.917122534664,13191.700220312767
2025-05-29,13971.917122534664,13247.061846265626
2025-05-30,13971.917122534664,13247.061846265626
2025-06-02,13971.917122534664,13247.061846265626
2025-06-03,13971.917122534664,13247.061846265626
2025-06-04,13971.917122534664,13247.061846265626
2025-06-05,13971.917122534664,13247.061846265626
2025-06-06,13971.917122534664,13247.061846265626
2025-06-09,13971.917122534664,13247.061846265626
2025-06-10,13971.917122534664,13247.061846265626
2025-06-11,13971.917122534664,13247.061846265626
2025-06-12,13971.917122534664,13247.061846265626
2025-06-13,13971.917122534664,13247.061846265626
2025-06-16,13971.917122534664,13247.061846265626
2025-06-17,13971.917122534664,13247.061846265626
2025-06-18,13971.917122534664,13247.061846265626
2025-06-20,13971.917122534664,13247.061846265626
2025-06-23,13971.917122534664,13247.061846265626
2025-06-24,13971.917122534664,13247.061846265626
2025-06-25,13971.917122534664,13247.061846265626
2025-06-26,13971.917122534664,13247.061846265626
2025-06-27,13971.917122534664,13247.061846265626
2025-06-30,13971.917122534664,13247.061846265626
2025-07-01,13971.917122534664,13247.061846265626
2025-07-02,13971.917122534664,13247.061846265626
2025-07-03,13971.917122534664,13247.061846265626
2025-07-07,13971.917122534664,13247.061846265626
2025-07-08,13971.917122534664,13247.061846265626
2025-07-09,13971.917122534664,13247.061846265626
2025-07-10,13971.917122534664,13247.061846265626
2025-07-11,13971.917122534664,13247.061846265626
2025-07-14,13971.917122534664,13247.061846265626
2025-07-15,13971.917122534664,13247.061846265626
2025-07-16,13971.917122534664,13247.061846265626
2025-07-17,13971.917122534664,13247.061846265626
2025-07-18,13971.917122534664,13247.061846265626
2025-07-21,13971.917122534664,13247.061846265626
2025-07-22,13971.917122534664,13247.061846265626
2025-07-23,13971.917122534664,13273.981224716768
2025-07-24,13971.917122534664,13232.706478300868
2025-07-25,13971.917122534664,13227.546950431202
2025-07-28,13971.917122534664,13557.747382660771
2025-07-29,13971.917122534664,13589.470191232265
2025-07-30,13971.917122534664,13589.470191232263
2025-07-31,13971.917122534664,13589.470191232263
2025-08-01,14112.923291474319,13589.470191232263
2025-08-04,14385.216044559802,13589.470191232263
2025-08-05,14243.150383098367,13589.470191232263
2025-08-06,14086.28608582828,13589.470191232263
2025-08-07,14377.81678707651,13589.470191232263
2025-08-08,14377.81678707651,13589.470191232263
2025-08-11,14377.81678707651,13589.470191232263
2025-08-12,14377.81678707651,13589.470191232263
2025-08-13,14377.81678707651,13589.470191232263
2025-08-14,14377.81678707651,13589.470191232263
2025-08-15,14377.81678707651,13589.470191232263
2025-08-18,14377.81678707651,13589.470191232263
2025-08-19,14377.81678707651,13589.470191232263
2025-08-20,14377.81678707651,13589.470191232263
2025-08-21,14377.81678707651,13589.470191232263
2025-08-22,14377.81678707651,13589.470191232263
2025-08-25,14377.81678707651,13589.470191232263
2025-08-26,14377.81678707651,13589.470191232263
2025-08-27,14377.81678707651,13589.470191232263
2025-08-28,14377.81678707651,13589.470191232263
2025-08-29,14377.81678707651,13589.470191232263
2025-09-02,14377.81678707651,13912.495313300955
2025-09-03,14377.81678707651,13816.652283802758
2025-09-04,14377.81678707651,14025.251755319827
2025-09-05,14377.81678707651,14250.765177179135
2025-09-08,14377.81678707651,14420.722925016928
2025-09-09,14377.81678707651,14420.722925016928
2025-09-10,14377.81678707651,14420.722925016928
2025-09-11,14377.81678707651,14420.722925016928
2025-09-12,14377.81678707651,14420.722925016928
2025-09-15,14377.81678707651,14420.722925016928
2025-09-16,14377.81678707651,14420.722925016928
2025-09-17,14377.81678707651,14420.722925016928
2025-09-18,14377.81678707651,14420.722925016928
2025-09-19,14377.81678707651,14420.722925016928
2025-09-22,14377.81678707651,14420.722925016928
2025-09-23,14377.81678707651,14420.722925016928
2025-09-24,14377.81678707651,14420.722925016928
2025-09-25,14377.81678707651,14420.722925016928
2025-09-26,14377.81678707651,14420.722925016928
2025-09-29,14377.81678707651,14420.722925016928
2025-09-30,14377.81678707651,14420.722925016928
2025-10-01,14377.81678707651,14420.722925016928
2025-10-02,14377.81678707651,14420.722925016928
2025-10-03,14377.81678707651,14420.722925016928
2025-10-06,14377.81678707651,14420.722925016928
2025-10-07,14377.81678707651,14420.722925016928
2025-10-08,14377.81678707651,14420.722925016928
2025-10-09,14377.81678707651,14420.722925016928
2025-10-10,14377.81678707651,14420.722925016928
2025-10-13,14377.81678707651,14584.978648119964
2025-10-14,14377.81678707651,14112.053838552125
2025-10-15,14377.81678707651,14743.248440092146
2025-10-16,14377.81678707651,14854.414135867264
2025-10-17,14377.81678707651,14794.06648181141
2025-10-20,14377.81678707651,14794.066481811411
2025-10-21,14377.81678707651,14794.066481811411
2025-10-22,14377.81678707651,14794.066481811411
2025-10-23,14377.81678707651,15460.42091812466
2025-10-24,14377.81678707651,15846.257310488309
2025-10-27,14377.81678707651,16570.92434678881
2025-10-28,14377.81678707651,16594.426847436698
2025-10-29,14377.81678707651,17058.727185833457
2025-10-30,14377.81678707651,17058.727185833457
2025-10-31,14377.81678707651,17058.727185833457
2025-11-03,14377.81678707651,17058.727185833457
2025-11-04,14377.81678707651,17058.727185833457
2025-11-05,14377.81678707651,17761.91959296808
2025-11-06,14377.81678707651,17008.80417671665
2025-11-07,14377.81678707651,16758.42376525973
2025-11-10,14377.81678707651,17393.247707360344
2025-11-11,14377.81678707651,16763.981376048403
2025-11-12,14377.81678707651,16763.981376048407
2025-11-13,14377.81678707651,16763.981376048407
2025-11-14,14377.81678707651,16763.981376048407
2025-11-17,14377.81678707651,16763.981376048407
2025-11-18,14377.81678707651,16763.981376048407
2025-11-19,14377.81678707651,16763.981376048407
2025-11-20,14377.81678707651,16763.981376048407
2025-11-21,14377.81678707651,16763.981376048407
2025-11-24,14377.81678707651,16763.981376048407
2025-11-25,14377.81678707651,16763.981376048407
2025-11-26,14377.81678707651,16763.981376048407
2025-11-28,14377.81678707651,16763.981376048407
2025-12-01,14377.81678707651,16763.981376048407
2025-12-02,14377.81678707651,16763.981376048407
2025-12-03,14377.81678707651,16763.981376048407
2025-12-04,14377.81678707651,16763.981376048407
2025-12-05,14377.81678707651,16763.981376048407
2025-12-08,14377.81678707651,16763.981376048407
2025-12-09,14377.81678707651,16763.981376048407
2025-12-10,14377.81678707651,16763.981376048407
2025-12-11,14377.81678707651,16763.981376048407
2025-12-12,14377.81678707651,16763.981376048407
2025-12-15,14377.81678707651,16380.727608813775
2025-12-16,14377.81678707651,16246.703387107842
2025-12-17,14377.81678707651,15376.514752071285
2025-12-18,14377.81678707651,15875.708093640653
2025-12-19,14377.81678707651,16477.512890908307
2025-12-22,14377.81678707651,16477.512890908307
2025-12-23,14377.81678707651,16477.512890908307
2025-12-24,14377.81678707651,16477.512890908307
2025-12-26,14377.81678707651,16477.512890908307
2025-12-29,14377.81678707651,16477.512890908307
2025-12-30,14377.81678707651,16477.512890908307
2025-12-31,14377.81678707651,16477.512890908307
2026-01-02,14377.81678707651,16477.512890908307
2026-01-05,14377.81678707651,16477.512890908307
2026-01-06,14377.81678707651,16477.512890908307
2026-01-07,14377.81678707651,16477.512890908307
2026-01-08,14377.81678707651,16477.512890908307
2026-01-09,14377.81678707651,16477.512890908307
2026-01-12,14377.81678707651,16477.512890908307
2026-01-13,14377.81678707651,16477.512890908307
2026-01-14,14377.81678707651,16477.512890908307
2026-01-15,14377.81678707651,16477.512890908307
2026-01-16,14377.81678707651,16477.512890908307
2026-01-20,14377.81678707651,16477.512890908307
2026-01-21,14377.81678707651,16477.512890908307
2026-01-22,14377.81678707651,16477.512890908307
2026-01-23,14377.81678707651,16477.512890908307
2026-01-26,14377.81678707651,16477.512890908307
2026-01-27,14377.81678707651,16477.512890908307
2026-01-28,14377.81678707651,16477.512890908307
2026-01-29,14377.81678707651,16477.512890908307
2026-01-30,14377.81678707651,16477.512890908307
2026-02-02,14377.81678707651,16477.512890908307
2026-02-03,14377.81678707651,16477.512890908307
2026-02-04,14377.81678707651,16477.512890908307
2026-02-05,14377.81678707651,16477.512890908307
2026-02-06,14377.81678707651,16477.512890908307
2026-02-09,14377.81678707651,16477.512890908307
2026-02-10,14377.81678707651,16477.512890908307
2026-02-11,14377.81678707651,16477.512890908307
2026-02-12,14377.81678707651,16477.512890908307
2026-02-13,14377.81678707651,16477.512890908307
2026-02-17,14377.81678707651,16477.512890908307
2026-02-18,14377.81678707651,16477.512890908307
2026-02-19,14377.81678707651,16477.512890908307
2026-02-20,14377.81678707651,16477.512890908307
2026-02-23,14377.81678707651,16477.512890908307
2026-02-24,14377.81678707651,16477.512890908307
2026-02-25,14377.81678707651,16477.512890908307
2026-02-26,14377.81678707651,16477.512890908307
2026-02-27,14377.81678707651,16477.512890908307
2026-03-02,14377.81678707651,16477.512890908307
2026-03-03,14377.81678707651,16477.512890908307
2026-03-04,14377.81678707651,16477.512890908307
2026-03-05,14377.81678707651,16477.512890908307
2026-03-06,14377.81678707651,16477.512890908307
2026-03-09,14377.81678707651,16477.512890908307
2026-03-10,14377.81678707651,16477.512890908307
2026-03-11,14377.81678707651,16477.512890908307
2026-03-12,14377.81678707651,16477.512890908307
2026-03-13,14377.81678707651,16477.512890908307
2026-03-16,14377.81678707651,16477.512890908307
2026-03-17,14377.81678707651,16477.512890908307
2026-03-18,14377.81678707651,16477.512890908307
2026-03-19,14377.81678707651,16477.512890908307
2026-03-20,14377.81678707651,16477.512890908307
2026-03-23,14377.81678707651,16477.512890908307
2026-03-24,14377.81678707651,16477.512890908307
2026-03-25,14377.81678707651,16477.512890908307
2026-03-26,14377.81678707651,16477.512890908307
2026-03-27,14377.81678707651,16477.512890908307
2026-03-30,14377.81678707651,16477.512890908307
2026-03-31,14377.81678707651,16477.512890908307
2026-04-01,14377.81678707651,16477.512890908307
2026-04-02,14377.81678707651,16477.512890908307
2026-04-06,14377.81678707651,16477.512890908307
2026-04-07,14377.81678707651,16477.512890908307
2026-04-08,14377.81678707651,16477.512890908307
2026-04-09,14377.81678707651,16477.512890908307
2026-04-10,14377.81678707651,16477.512890908307
2026-04-13,14377.81678707651,16477.512890908307
2026-04-14,14377.81678707651,16477.512890908307
2026-04-15,14377.81678707651,16477.512890908307
2026-04-16,14377.81678707651,16477.512890908307
2026-04-17,14377.81678707651,16477.512890908307
2026-04-20,14377.81678707651,16477.512890908307
2026-04-21,14377.81678707651,16477.512890908307
2026-04-22,14377.81678707651,16477.512890908307
2026-04-23,14377.81678707651,16477.512890908307
2026-04-24,14377.81678707651,16477.512890908307
2026-04-27,14377.81678707651,16477.512890908307
2026-04-28,14377.81678707651,16477.512890908307
2026-04-29,14377.81678707651,16477.512890908307
2026-04-30,14377.81678707651,16477.512890908307
2026-05-01,14377.81678707651,16477.512890908307
2026-05-04,14377.81678707651,16477.512890908307
2026-05-05,14377.81678707651,16477.512890908307
2026-05-06,14377.81678707651,16477.512890908307
2026-05-07,14377.81678707651,16477.512890908307
2026-05-08,14377.81678707651,16477.512890908307
2026-05-11,14377.81678707651,16477.512890908307
2026-05-12,14377.81678707651,16477.512890908307
2026-05-13,14377.81678707651,16477.512890908307
2026-05-14,14377.81678707651,16477.512890908307
2026-05-15,14377.81678707651,16477.512890908307
2026-05-18,14377.81678707651,16477.512890908307
2026-05-19,14377.81678707651,16477.512890908307
2026-05-20,14377.81678707651,16477.512890908307
2026-05-21,14377.81678707651,16477.512890908307
2026-05-22,14377.81678707651,16477.512890908307
2026-05-26,14377.81678707651,16477.512890908307
2026-05-27,14377.81678707651,16477.512890908307
2026-05-28,14377.81678707651,16477.512890908307
2026-05-29,14377.81678707651,16477.512890908307
2026-06-01,14377.81678707651,16477.512890908307
2026-06-02,14377.81678707651,16477.512890908307
2026-06-03,14377.81678707651,16477.512890908307
2026-06-04,14377.81678707651,16477.512890908307
2026-06-05,14377.81678707651,16477.512890908307
2026-06-08,14377.81678707651,16501.32629098182
2026-06-09,14377.81678707651,16119.928440762553
2026-06-10,14377.81678707651,15298.126360934
2026-06-11,14377.81678707651,16991.75040931047
2026-06-12,14377.81678707651,17400.31882075512
2026-06-15,14377.81678707651,17400.318820755117
2026-06-16,14377.81678707651,17400.318820755117
2026-06-17,14377.81678707651,17400.318820755117
2026-06-18,14377.81678707651,17400.318820755117
2026-06-22,14377.81678707651,17400.318820755117
2026-06-23,14377.81678707651,17400.318820755117
2026-06-24,14377.81678707651,17400.318820755117
2026-06-25,14377.81678707651,17400.318820755117
2026-06-26,14377.81678707651,17400.318820755117
2026-06-29,14377.81678707651,17400.318820755117
2026-06-30,14377.81678707651,17400.318820755117
2026-07-01,14377.81678707651,17400.318820755117
2026-07-02,14377.81678707651,17400.318820755117
